script,wake_model,seed,method,turbine_id,x,y,AEP [GWh],Surrogate AEP [GWh],runtime_sec,wd_step_deg,n_wd,ws
ResultsSS,NOJ,1,Current Horns Rev,0,423974.0,6151447.0,701.8653557500002,70.47447376426608,0.0,10,36,9.6
ResultsSS,NOJ,1,Current Horns Rev,1,424042.0,6150891.0,701.8653557500002,70.47447376426608,0.0,10,36,9.6
ResultsSS,NOJ,1,Current Horns Rev,2,424111.0,6150335.0,701.8653557500002,70.47447376426608,0.0,10,36,9.6
ResultsSS,NOJ,1,Current Horns Rev,3,424179.0,6149779.0,701.8653557500002,70.47447376426608,0.0,10,36,9.6
ResultsSS,NOJ,1,Current Horns Rev,4,424247.0,6149224.0,701.8653557500002,70.47447376426608,0.0,10,36,9.6
ResultsSS,NOJ,1,Current Horns Rev,5,424315.0,6148668.0,701.8653557500002,70.47447376426608,0.0,10,36,9.6
ResultsSS,NOJ,1,Current Horns Rev,6,424384.0,6148112.0,701.8653557500002,70.47447376426608,0.0,10,36,9.6
ResultsSS,NOJ,1,Current Horns Rev,7,424452.0,6147556.0,701.8653557500002,70.47447376426608,0.0,10,36,9.6
ResultsSS,NOJ,1,Current Horns Rev,8,424534.0,6151447.0,701.8653557500002,70.47447376426608,0.0,10,36,9.6
ResultsSS,NOJ,1,Current Horns Rev,9,424602.0,6150891.0,701.8653557500002,70.47447376426608,0.0,10,36,9.6
ResultsSS,NOJ,1,Current Horns Rev,10,424671.0,6150335.0,701.8653557500002,70.47447376426608,0.0,10,36,9.6
ResultsSS,NOJ,1,Current Horns Rev,11,424739.0,6149779.0,701.8653557500002,70.47447376426608,0.0,10,36,9.6
ResultsSS,NOJ,1,Current Horns Rev,12,424807.0,6149224.0,701.8653557500002,70.47447376426608,0.0,10,36,9.6
ResultsSS,NOJ,1,Current Horns Rev,13,424875.0,6148668.0,701.8653557500002,70.47447376426608,0.0,10,36,9.6
ResultsSS,NOJ,1,Current Horns Rev,14,424944.0,6148112.0,701.8653557500002,70.47447376426608,0.0,10,36,9.6
ResultsSS,NOJ,1,Current Horns Rev,15,425012.0,6147556.0,701.8653557500002,70.47447376426608,0.0,10,36,9.6
ResultsSS,NOJ,1,Current Horns Rev,16,425094.0,6151447.0,701.8653557500002,70.47447376426608,0.0,10,36,9.6
ResultsSS,NOJ,1,Current Horns Rev,17,425162.0,6150891.0,701.8653557500002,70.47447376426608,0.0,10,36,9.6
ResultsSS,NOJ,1,Current Horns Rev,18,425231.0,6150335.0,701.8653557500002,70.47447376426608,0.0,10,36,9.6
ResultsSS,NOJ,1,Current Horns Rev,19,425299.0,6149779.0,701.8653557500002,70.47447376426608,0.0,10,36,9.6
ResultsSS,NOJ,1,Current Horns Rev,20,425367.0,6149224.0,701.8653557500002,70.47447376426608,0.0,10,36,9.6
ResultsSS,NOJ,1,Current Horns Rev,21,425435.0,6148668.0,701.8653557500002,70.47447376426608,0.0,10,36,9.6
ResultsSS,NOJ,1,Current Horns Rev,22,425504.0,6148112.0,701.8653557500002,70.47447376426608,0.0,10,36,9.6
ResultsSS,NOJ,1,Current Horns Rev,23,425572.0,6147556.0,701.8653557500002,70.47447376426608,0.0,10,36,9.6
ResultsSS,NOJ,1,Current Horns Rev,24,425654.0,6151447.0,701.8653557500002,70.47447376426608,0.0,10,36,9.6
ResultsSS,NOJ,1,Current Horns Rev,25,425722.0,6150891.0,701.8653557500002,70.47447376426608,0.0,10,36,9.6
ResultsSS,NOJ,1,Current Horns Rev,26,425791.0,6150335.0,701.8653557500002,70.47447376426608,0.0,10,36,9.6
ResultsSS,NOJ,1,Current Horns Rev,27,425859.0,6149779.0,701.8653557500002,70.47447376426608,0.0,10,36,9.6
ResultsSS,NOJ,1,Current Horns Rev,28,425927.0,6149224.0,701.8653557500002,70.47447376426608,0.0,10,36,9.6
ResultsSS,NOJ,1,Current Horns Rev,29,425995.0,6148668.0,701.8653557500002,70.47447376426608,0.0,10,36,9.6
ResultsSS,NOJ,1,Current Horns Rev,30,426064.0,6148112.0,701.8653557500002,70.47447376426608,0.0,10,36,9.6
ResultsSS,NOJ,1,Current Horns Rev,31,426132.0,6147556.0,701.8653557500002,70.47447376426608,0.0,10,36,9.6
ResultsSS,NOJ,1,Current Horns Rev,32,426214.0,6151447.0,701.8653557500002,70.47447376426608,0.0,10,36,9.6
ResultsSS,NOJ,1,Current Horns Rev,33,426282.0,6150891.0,701.8653557500002,70.47447376426608,0.0,10,36,9.6
ResultsSS,NOJ,1,Current Horns Rev,34,426351.0,6150335.0,701.8653557500002,70.47447376426608,0.0,10,36,9.6
ResultsSS,NOJ,1,Current Horns Rev,35,426419.0,6149779.0,701.8653557500002,70.47447376426608,0.0,10,36,9.6
ResultsSS,NOJ,1,Current Horns Rev,36,426487.0,6149224.0,701.8653557500002,70.47447376426608,0.0,10,36,9.6
ResultsSS,NOJ,1,Current Horns Rev,37,426555.0,6148668.0,701.8653557500002,70.47447376426608,0.0,10,36,9.6
ResultsSS,NOJ,1,Current Horns Rev,38,426624.0,6148112.0,701.8653557500002,70.47447376426608,0.0,10,36,9.6
ResultsSS,NOJ,1,Current Horns Rev,39,426692.0,6147556.0,701.8653557500002,70.47447376426608,0.0,10,36,9.6
ResultsSS,NOJ,1,Current Horns Rev,40,426774.0,6151447.0,701.8653557500002,70.47447376426608,0.0,10,36,9.6
ResultsSS,NOJ,1,Current Horns Rev,41,426842.0,6150891.0,701.8653557500002,70.47447376426608,0.0,10,36,9.6
ResultsSS,NOJ,1,Current Horns Rev,42,426911.0,6150335.0,701.8653557500002,70.47447376426608,0.0,10,36,9.6
ResultsSS,NOJ,1,Current Horns Rev,43,426979.0,6149779.0,701.8653557500002,70.47447376426608,0.0,10,36,9.6
ResultsSS,NOJ,1,Current Horns Rev,44,427047.0,6149224.0,701.8653557500002,70.47447376426608,0.0,10,36,9.6
ResultsSS,NOJ,1,Current Horns Rev,45,427115.0,6148668.0,701.8653557500002,70.47447376426608,0.0,10,36,9.6
ResultsSS,NOJ,1,Current Horns Rev,46,427184.0,6148112.0,701.8653557500002,70.47447376426608,0.0,10,36,9.6
ResultsSS,NOJ,1,Current Horns Rev,47,427252.0,6147556.0,701.8653557500002,70.47447376426608,0.0,10,36,9.6
ResultsSS,NOJ,1,Current Horns Rev,48,427334.0,6151447.0,701.8653557500002,70.47447376426608,0.0,10,36,9.6
ResultsSS,NOJ,1,Current Horns Rev,49,427402.0,6150891.0,701.8653557500002,70.47447376426608,0.0,10,36,9.6
ResultsSS,NOJ,1,Current Horns Rev,50,427471.0,6150335.0,701.8653557500002,70.47447376426608,0.0,10,36,9.6
ResultsSS,NOJ,1,Current Horns Rev,51,427539.0,6149779.0,701.8653557500002,70.47447376426608,0.0,10,36,9.6
ResultsSS,NOJ,1,Current Horns Rev,52,427607.0,6149224.0,701.8653557500002,70.47447376426608,0.0,10,36,9.6
ResultsSS,NOJ,1,Current Horns Rev,53,427675.0,6148668.0,701.8653557500002,70.47447376426608,0.0,10,36,9.6
ResultsSS,NOJ,1,Current Horns Rev,54,427744.0,6148112.0,701.8653557500002,70.47447376426608,0.0,10,36,9.6
ResultsSS,NOJ,1,Current Horns Rev,55,427812.0,6147556.0,701.8653557500002,70.47447376426608,0.0,10,36,9.6
ResultsSS,NOJ,1,Current Horns Rev,56,427894.0,6151447.0,701.8653557500002,70.47447376426608,0.0,10,36,9.6
ResultsSS,NOJ,1,Current Horns Rev,57,427962.0,6150891.0,701.8653557500002,70.47447376426608,0.0,10,36,9.6
ResultsSS,NOJ,1,Current Horns Rev,58,428031.0,6150335.0,701.8653557500002,70.47447376426608,0.0,10,36,9.6
ResultsSS,NOJ,1,Current Horns Rev,59,428099.0,6149779.0,701.8653557500002,70.47447376426608,0.0,10,36,9.6
ResultsSS,NOJ,1,Current Horns Rev,60,428167.0,6149224.0,701.8653557500002,70.47447376426608,0.0,10,36,9.6
ResultsSS,NOJ,1,Current Horns Rev,61,428235.0,6148668.0,701.8653557500002,70.47447376426608,0.0,10,36,9.6
ResultsSS,NOJ,1,Current Horns Rev,62,428304.0,6148112.0,701.8653557500002,70.47447376426608,0.0,10,36,9.6
ResultsSS,NOJ,1,Current Horns Rev,63,428372.0,6147556.0,701.8653557500002,70.47447376426608,0.0,10,36,9.6
ResultsSS,NOJ,1,Current Horns Rev,64,428454.0,6151447.0,701.8653557500002,70.47447376426608,0.0,10,36,9.6
ResultsSS,NOJ,1,Current Horns Rev,65,428522.0,6150891.0,701.8653557500002,70.47447376426608,0.0,10,36,9.6
ResultsSS,NOJ,1,Current Horns Rev,66,428591.0,6150335.0,701.8653557500002,70.47447376426608,0.0,10,36,9.6
ResultsSS,NOJ,1,Current Horns Rev,67,428659.0,6149779.0,701.8653557500002,70.47447376426608,0.0,10,36,9.6
ResultsSS,NOJ,1,Current Horns Rev,68,428727.0,6149224.0,701.8653557500002,70.47447376426608,0.0,10,36,9.6
ResultsSS,NOJ,1,Current Horns Rev,69,428795.0,6148668.0,701.8653557500002,70.47447376426608,0.0,10,36,9.6
ResultsSS,NOJ,1,Current Horns Rev,70,428864.0,6148112.0,701.8653557500002,70.47447376426608,0.0,10,36,9.6
ResultsSS,NOJ,1,Current Horns Rev,71,428932.0,6147556.0,701.8653557500002,70.47447376426608,0.0,10,36,9.6
ResultsSS,NOJ,1,Current Horns Rev,72,429014.0,6151447.0,701.8653557500002,70.47447376426608,0.0,10,36,9.6
ResultsSS,NOJ,1,Current Horns Rev,73,429082.0,6150891.0,701.8653557500002,70.47447376426608,0.0,10,36,9.6
ResultsSS,NOJ,1,Current Horns Rev,74,429151.0,6150335.0,701.8653557500002,70.47447376426608,0.0,10,36,9.6
ResultsSS,NOJ,1,Current Horns Rev,75,429219.0,6149779.0,701.8653557500002,70.47447376426608,0.0,10,36,9.6
ResultsSS,NOJ,1,Current Horns Rev,76,429287.0,6149224.0,701.8653557500002,70.47447376426608,0.0,10,36,9.6
ResultsSS,NOJ,1,Current Horns Rev,77,429355.0,6148668.0,701.8653557500002,70.47447376426608,0.0,10,36,9.6
ResultsSS,NOJ,1,Current Horns Rev,78,429424.0,6148112.0,701.8653557500002,70.47447376426608,0.0,10,36,9.6
ResultsSS,NOJ,1,Current Horns Rev,79,429492.0,6147556.0,701.8653557500002,70.47447376426608,0.0,10,36,9.6
ResultsSS,NOJ,1,SmartStart,0,429226.94736842107,6147402.894736842,712.5999260931526,72.27765953724,120.81859369995072,10,36,9.6
ResultsSS,NOJ,1,SmartStart,1,423574.0,6150612.52631579,712.5999260931526,72.27765953724,120.81859369995072,10,36,9.6
ResultsSS,NOJ,1,SmartStart,2,423574.0,6147402.894736842,712.5999260931526,72.27765953724,120.81859369995072,10,36,9.6
ResultsSS,NOJ,1,SmartStart,3,428561.8947368421,6151106.315789473,712.5999260931526,72.27765953724,120.81859369995072,10,36,9.6
ResultsSS,NOJ,1,SmartStart,4,426899.2631578947,6147649.7894736845,712.5999260931526,72.27765953724,120.81859369995072,10,36,9.6
ResultsSS,NOJ,1,SmartStart,5,425901.6842105263,6149871.842105263,712.5999260931526,72.27765953724,120.81859369995072,10,36,9.6
ResultsSS,NOJ,1,SmartStart,6,423574.0,6149624.947368421,712.5999260931526,72.27765953724,120.81859369995072,10,36,9.6
ResultsSS,NOJ,1,SmartStart,7,425569.15789473685,6147156.0,712.5999260931526,72.27765953724,120.81859369995072,10,36,9.6
ResultsSS,NOJ,1,SmartStart,8,428561.8947368421,6149871.842105263,712.5999260931526,72.27765953724,120.81859369995072,10,36,9.6
ResultsSS,NOJ,1,SmartStart,9,429892.0,6148637.368421053,712.5999260931526,72.27765953724,120.81859369995072,10,36,9.6
ResultsSS,NOJ,1,SmartStart,10,424571.5789473684,6151600.105263158,712.5999260931526,72.27765953724,120.81859369995072,10,36,9.6
ResultsSS,NOJ,1,SmartStart,11,424239.05263157893,6148637.368421053,712.5999260931526,72.27765953724,120.81859369995072,10,36,9.6
ResultsSS,NOJ,1,SmartStart,12,429892.0,6150612.52631579,712.5999260931526,72.27765953724,120.81859369995072,10,36,9.6
ResultsSS,NOJ,1,SmartStart,13,423574.0,6151847.0,712.5999260931526,72.27765953724,120.81859369995072,10,36,9.6
ResultsSS,NOJ,1,SmartStart,14,427564.3157894737,6151353.2105263155,712.5999260931526,72.27765953724,120.81859369995072,10,36,9.6
ResultsSS,NOJ,1,SmartStart,15,428894.4210526316,6148637.368421053,712.5999260931526,72.27765953724,120.81859369995072,10,36,9.6
ResultsSS,NOJ,1,SmartStart,16,427231.7894736842,6149378.052631579,712.5999260931526,72.27765953724,120.81859369995072,10,36,9.6
ResultsSS,NOJ,1,SmartStart,17,427896.84210526315,6147402.894736842,712.5999260931526,72.27765953724,120.81859369995072,10,36,9.6
ResultsSS,NOJ,1,SmartStart,18,425901.6842105263,6151847.0,712.5999260931526,72.27765953724,120.81859369995072,10,36,9.6
ResultsSS,NOJ,1,SmartStart,19,425901.6842105263,6149131.157894737,712.5999260931526,72.27765953724,120.81859369995072,10,36,9.6
ResultsSS,NOJ,1,SmartStart,20,425236.63157894736,6147896.684210527,712.5999260931526,72.27765953724,120.81859369995072,10,36,9.6
ResultsSS,NOJ,1,SmartStart,21,426899.2631578947,6147156.0,712.5999260931526,72.27765953724,120.81859369995072,10,36,9.6
ResultsSS,NOJ,1,SmartStart,22,423574.0,6151353.2105263155,712.5999260931526,72.27765953724,120.81859369995072,10,36,9.6
ResultsSS,NOJ,1,SmartStart,23,429559.4736842105,6151353.2105263155,712.5999260931526,72.27765953724,120.81859369995072,10,36,9.6
ResultsSS,NOJ,1,SmartStart,24,425901.6842105263,6151353.2105263155,712.5999260931526,72.27765953724,120.81859369995072,10,36,9.6
ResultsSS,NOJ,1,SmartStart,25,429226.94736842107,6151847.0,712.5999260931526,72.27765953724,120.81859369995072,10,36,9.6
ResultsSS,NOJ,1,SmartStart,26,423906.5263157895,6148390.47368421,712.5999260931526,72.27765953724,120.81859369995072,10,36,9.6
ResultsSS,NOJ,1,SmartStart,27,423574.0,6148143.578947368,712.5999260931526,72.27765953724,120.81859369995072,10,36,9.6
ResultsSS,NOJ,1,SmartStart,28,429892.0,6147649.7894736845,712.5999260931526,72.27765953724,120.81859369995072,10,36,9.6
ResultsSS,NOJ,1,SmartStart,29,429892.0,6149378.052631579,712.5999260931526,72.27765953724,120.81859369995072,10,36,9.6
ResultsSS,NOJ,1,SmartStart,30,424904.1052631579,6147402.894736842,712.5999260931526,72.27765953724,120.81859369995072,10,36,9.6
ResultsSS,NOJ,1,SmartStart,31,427231.7894736842,6151847.0,712.5999260931526,72.27765953724,120.81859369995072,10,36,9.6
ResultsSS,NOJ,1,SmartStart,32,425569.15789473685,6150859.421052632,712.5999260931526,72.27765953724,120.81859369995072,10,36,9.6
ResultsSS,NOJ,1,SmartStart,33,429892.0,6150118.736842105,712.5999260931526,72.27765953724,120.81859369995072,10,36,9.6
ResultsSS,NOJ,1,SmartStart,34,424571.5789473684,6150365.631578947,712.5999260931526,72.27765953724,120.81859369995072,10,36,9.6
ResultsSS,NOJ,1,SmartStart,35,424239.05263157893,6147156.0,712.5999260931526,72.27765953724,120.81859369995072,10,36,9.6
ResultsSS,NOJ,1,SmartStart,36,428561.8947368421,6147156.0,712.5999260931526,72.27765953724,120.81859369995072,10,36,9.6
ResultsSS,NOJ,1,SmartStart,37,427564.3157894737,6150859.421052632,712.5999260931526,72.27765953724,120.81859369995072,10,36,9.6
ResultsSS,NOJ,1,SmartStart,38,426899.2631578947,6148884.263157895,712.5999260931526,72.27765953724,120.81859369995072,10,36,9.6
ResultsSS,NOJ,1,SmartStart,39,425901.6842105263,6148637.368421053,712.5999260931526,72.27765953724,120.81859369995072,10,36,9.6
ResultsSS,NOJ,1,SmartStart,40,423574.0,6150118.736842105,712.5999260931526,72.27765953724,120.81859369995072,10,36,9.6
ResultsSS,NOJ,1,SmartStart,41,423574.0,6149131.157894737,712.5999260931526,72.27765953724,120.81859369995072,10,36,9.6
ResultsSS,NOJ,1,SmartStart,42,428894.4210526316,6149378.052631579,712.5999260931526,72.27765953724,120.81859369995072,10,36,9.6
ResultsSS,NOJ,1,SmartStart,43,428229.36842105264,6148637.368421053,712.5999260931526,72.27765953724,120.81859369995072,10,36,9.6
ResultsSS,NOJ,1,SmartStart,44,426899.2631578947,6150118.736842105,712.5999260931526,72.27765953724,120.81859369995072,10,36,9.6
ResultsSS,NOJ,1,SmartStart,45,428229.36842105264,6151847.0,712.5999260931526,72.27765953724,120.81859369995072,10,36,9.6
ResultsSS,NOJ,1,SmartStart,46,426234.2105263158,6148143.578947368,712.5999260931526,72.27765953724,120.81859369995072,10,36,9.6
ResultsSS,NOJ,1,SmartStart,47,428894.4210526316,6147896.684210527,712.5999260931526,72.27765953724,120.81859369995072,10,36,9.6
ResultsSS,NOJ,1,SmartStart,48,429559.4736842105,6147156.0,712.5999260931526,72.27765953724,120.81859369995072,10,36,9.6
ResultsSS,NOJ,1,SmartStart,49,424571.5789473684,6149378.052631579,712.5999260931526,72.27765953724,120.81859369995072,10,36,9.6
ResultsSS,NOJ,1,SmartStart,50,424904.1052631579,6151106.315789473,712.5999260931526,72.27765953724,120.81859369995072,10,36,9.6
ResultsSS,NOJ,1,SmartStart,51,428894.4210526316,6150612.52631579,712.5999260931526,72.27765953724,120.81859369995072,10,36,9.6
ResultsSS,NOJ,1,SmartStart,52,429892.0,6151847.0,712.5999260931526,72.27765953724,120.81859369995072,10,36,9.6
ResultsSS,NOJ,1,SmartStart,53,427564.3157894737,6147156.0,712.5999260931526,72.27765953724,120.81859369995072,10,36,9.6
ResultsSS,NOJ,1,SmartStart,54,426234.2105263158,6147649.7894736845,712.5999260931526,72.27765953724,120.81859369995072,10,36,9.6
ResultsSS,NOJ,1,SmartStart,55,425236.63157894736,6151847.0,712.5999260931526,72.27765953724,120.81859369995072,10,36,9.6
ResultsSS,NOJ,1,SmartStart,56,426899.2631578947,6150612.52631579,712.5999260931526,72.27765953724,120.81859369995072,10,36,9.6
ResultsSS,NOJ,1,SmartStart,57,425236.63157894736,6149131.157894737,712.5999260931526,72.27765953724,120.81859369995072,10,36,9.6
ResultsSS,NOJ,1,SmartStart,58,423574.0,6148637.368421053,712.5999260931526,72.27765953724,120.81859369995072,10,36,9.6
ResultsSS,NOJ,1,SmartStart,59,428229.36842105264,6150365.631578947,712.5999260931526,72.27765953724,120.81859369995072,10,36,9.6
ResultsSS,NOJ,1,SmartStart,60,428229.36842105264,6149378.052631579,712.5999260931526,72.27765953724,120.81859369995072,10,36,9.6
ResultsSS,NOJ,1,SmartStart,61,427564.3157894737,6148390.47368421,712.5999260931526,72.27765953724,120.81859369995072,10,36,9.6
ResultsSS,NOJ,1,SmartStart,62,426566.7368421053,6151600.105263158,712.5999260931526,72.27765953724,120.81859369995072,10,36,9.6
ResultsSS,NOJ,1,SmartStart,63,424571.5789473684,6148143.578947368,712.5999260931526,72.27765953724,120.81859369995072,10,36,9.6
ResultsSS,NOJ,1,SmartStart,64,423906.5263157895,6151106.315789473,712.5999260931526,72.27765953724,120.81859369995072,10,36,9.6
ResultsSS,NOJ,1,SmartStart,65,425236.63157894736,6149871.842105263,712.5999260931526,72.27765953724,120.81859369995072,10,36,9.6
ResultsSS,NOJ,1,SmartStart,66,423906.5263157895,6147156.0,712.5999260931526,72.27765953724,120.81859369995072,10,36,9.6
ResultsSS,NOJ,1,SmartStart,67,428229.36842105264,6147156.0,712.5999260931526,72.27765953724,120.81859369995072,10,36,9.6
ResultsSS,NOJ,1,SmartStart,68,427896.84210526315,6150118.736842105,712.5999260931526,72.27765953724,120.81859369995072,10,36,9.6
ResultsSS,NOJ,1,SmartStart,69,426234.2105263158,6147156.0,712.5999260931526,72.27765953724,120.81859369995072,10,36,9.6
ResultsSS,NOJ,1,SmartStart,70,429559.4736842105,6149131.157894737,712.5999260931526,72.27765953724,120.81859369995072,10,36,9.6
ResultsSS,NOJ,1,SmartStart,71,424239.05263157893,6149871.842105263,712.5999260931526,72.27765953724,120.81859369995072,10,36,9.6
ResultsSS,NOJ,1,SmartStart,72,429559.4736842105,6149871.842105263,712.5999260931526,72.27765953724,120.81859369995072,10,36,9.6
ResultsSS,NOJ,1,SmartStart,73,427564.3157894737,6147896.684210527,712.5999260931526,72.27765953724,120.81859369995072,10,36,9.6
ResultsSS,NOJ,1,SmartStart,74,426566.7368421053,6149624.947368421,712.5999260931526,72.27765953724,120.81859369995072,10,36,9.6
ResultsSS,NOJ,1,SmartStart,75,424239.05263157893,6147896.684210527,712.5999260931526,72.27765953724,120.81859369995072,10,36,9.6
ResultsSS,NOJ,1,SmartStart,76,425569.15789473685,6150365.631578947,712.5999260931526,72.27765953724,120.81859369995072,10,36,9.6
ResultsSS,NOJ,1,SmartStart,77,428894.4210526316,6151847.0,712.5999260931526,72.27765953724,120.81859369995072,10,36,9.6
ResultsSS,NOJ,1,SmartStart,78,429892.0,6148143.578947368,712.5999260931526,72.27765953724,120.81859369995072,10,36,9.6
ResultsSS,NOJ,1,SmartStart,79,424571.5789473684,6150859.421052632,712.5999260931526,72.27765953724,120.81859369995072,10,36,9.6
ResultsSS,NOJ,1,SS--2S,0,429892.0,6147156.0,714.5663652998835,73.10867455617128,25726.132000999933,10,36,9.6
ResultsSS,NOJ,1,SS--2S,1,423574.0,6150612.52631579,714.5663652998835,73.10867455617128,25726.132000999933,10,36,9.6
ResultsSS,NOJ,1,SS--2S,2,423574.0,6147156.0,714.5663652998835,73.10867455617128,25726.132000999933,10,36,9.6
ResultsSS,NOJ,1,SS--2S,3,429892.0,6151106.315789473,714.5663652998835,73.10867455617128,25726.132000999933,10,36,9.6
ResultsSS,NOJ,1,SS--2S,4,424239.05263157893,6151847.0,714.5663652998835,73.10867455617128,25726.132000999933,10,36,9.6
ResultsSS,NOJ,1,SS--2S,5,428229.36842105264,6151353.2105263155,714.5663652998835,73.10867455617128,25726.132000999933,10,36,9.6
ResultsSS,NOJ,1,SS--2S,6,423574.0,6149624.947368421,714.5663652998835,73.10867455617128,25726.132000999933,10,36,9.6
ResultsSS,NOJ,1,SS--2S,7,425569.15789473685,6147156.0,714.5663652998835,73.10867455617128,25726.132000999933,10,36,9.6
ResultsSS,NOJ,1,SS--2S,8,427564.3157894737,6150612.52631579,714.5663652998835,73.10867455617128,25726.132000999933,10,36,9.6
ResultsSS,NOJ,1,SS--2S,9,429892.0,6148637.368421053,714.5663652998835,73.10867455617128,25726.132000999933,10,36,9.6
ResultsSS,NOJ,1,SS--2S,10,426899.2631578947,6147896.684210527,714.5663652998835,73.10867455617128,25726.132000999933,10,36,9.6
ResultsSS,NOJ,1,SS--2S,11,423574.0,6147649.7894736845,714.5663652998835,73.10867455617128,25726.132000999933,10,36,9.6
ResultsSS,NOJ,1,SS--2S,12,429892.0,6150612.52631579,714.5663652998835,73.10867455617128,25726.132000999933,10,36,9.6
ResultsSS,NOJ,1,SS--2S,13,423574.0,6151847.0,714.5663652998835,73.10867455617128,25726.132000999933,10,36,9.6
ResultsSS,NOJ,1,SS--2S,14,427564.3157894737,6151847.0,714.5663652998835,73.10867455617128,25726.132000999933,10,36,9.6
ResultsSS,NOJ,1,SS--2S,15,428894.4210526316,6148637.368421053,714.5663652998835,73.10867455617128,25726.132000999933,10,36,9.6
ResultsSS,NOJ,1,SS--2S,16,427564.3157894737,6149624.947368421,714.5663652998835,73.10867455617128,25726.132000999933,10,36,9.6
ResultsSS,NOJ,1,SS--2S,17,428229.36842105264,6147896.684210527,714.5663652998835,73.10867455617128,25726.132000999933,10,36,9.6
ResultsSS,NOJ,1,SS--2S,18,426234.2105263158,6151847.0,714.5663652998835,73.10867455617128,25726.132000999933,10,36,9.6
ResultsSS,NOJ,1,SS--2S,19,426234.2105263158,6149624.947368421,714.5663652998835,73.10867455617128,25726.132000999933,10,36,9.6
ResultsSS,NOJ,1,SS--2S,20,424904.1052631579,6148637.368421053,714.5663652998835,73.10867455617128,25726.132000999933,10,36,9.6
ResultsSS,NOJ,1,SS--2S,21,426899.2631578947,6147156.0,714.5663652998835,73.10867455617128,25726.132000999933,10,36,9.6
ResultsSS,NOJ,1,SS--2S,22,423574.0,6151106.315789473,714.5663652998835,73.10867455617128,25726.132000999933,10,36,9.6
ResultsSS,NOJ,1,SS--2S,23,428894.4210526316,6151106.315789473,714.5663652998835,73.10867455617128,25726.132000999933,10,36,9.6
ResultsSS,NOJ,1,SS--2S,24,424904.1052631579,6151106.315789473,714.5663652998835,73.10867455617128,25726.132000999933,10,36,9.6
ResultsSS,NOJ,1,SS--2S,25,429559.4736842105,6151847.0,714.5663652998835,73.10867455617128,25726.132000999933,10,36,9.6
ResultsSS,NOJ,1,SS--2S,26,424239.05263157893,6148884.263157895,714.5663652998835,73.10867455617128,25726.132000999933,10,36,9.6
ResultsSS,NOJ,1,SS--2S,27,423574.0,6148143.578947368,714.5663652998835,73.10867455617128,25726.132000999933,10,36,9.6
ResultsSS,NOJ,1,SS--2S,28,429892.0,6147649.7894736845,714.5663652998835,73.10867455617128,25726.132000999933,10,36,9.6
ResultsSS,NOJ,1,SS--2S,29,429892.0,6149378.052631579,714.5663652998835,73.10867455617128,25726.132000999933,10,36,9.6
ResultsSS,NOJ,1,SS--2S,30,424904.1052631579,6147156.0,714.5663652998835,73.10867455617128,25726.132000999933,10,36,9.6
ResultsSS,NOJ,1,SS--2S,31,426899.2631578947,6151847.0,714.5663652998835,73.10867455617128,25726.132000999933,10,36,9.6
ResultsSS,NOJ,1,SS--2S,32,425569.15789473685,6151353.2105263155,714.5663652998835,73.10867455617128,25726.132000999933,10,36,9.6
ResultsSS,NOJ,1,SS--2S,33,429892.0,6150118.736842105,714.5663652998835,73.10867455617128,25726.132000999933,10,36,9.6
ResultsSS,NOJ,1,SS--2S,34,425569.15789473685,6147896.684210527,714.5663652998835,73.10867455617128,25726.132000999933,10,36,9.6
ResultsSS,NOJ,1,SS--2S,35,428894.4210526316,6147156.0,714.5663652998835,73.10867455617128,25726.132000999933,10,36,9.6
ResultsSS,NOJ,1,SS--2S,36,425569.15789473685,6148390.47368421,714.5663652998835,73.10867455617128,25726.132000999933,10,36,9.6
ResultsSS,NOJ,1,SS--2S,37,427564.3157894737,6151106.315789473,714.5663652998835,73.10867455617128,25726.132000999933,10,36,9.6
ResultsSS,NOJ,1,SS--2S,38,426899.2631578947,6148884.263157895,714.5663652998835,73.10867455617128,25726.132000999933,10,36,9.6
ResultsSS,NOJ,1,SS--2S,39,426234.2105263158,6151106.315789473,714.5663652998835,73.10867455617128,25726.132000999933,10,36,9.6
ResultsSS,NOJ,1,SS--2S,40,423574.0,6150118.736842105,714.5663652998835,73.10867455617128,25726.132000999933,10,36,9.6
ResultsSS,NOJ,1,SS--2S,41,423574.0,6149131.157894737,714.5663652998835,73.10867455617128,25726.132000999933,10,36,9.6
ResultsSS,NOJ,1,SS--2S,42,428894.4210526316,6149378.052631579,714.5663652998835,73.10867455617128,25726.132000999933,10,36,9.6
ResultsSS,NOJ,1,SS--2S,43,428229.36842105264,6148637.368421053,714.5663652998835,73.10867455617128,25726.132000999933,10,36,9.6
ResultsSS,NOJ,1,SS--2S,44,426899.2631578947,6149871.842105263,714.5663652998835,73.10867455617128,25726.132000999933,10,36,9.6
ResultsSS,NOJ,1,SS--2S,45,428229.36842105264,6151847.0,714.5663652998835,73.10867455617128,25726.132000999933,10,36,9.6
ResultsSS,NOJ,1,SS--2S,46,426234.2105263158,6148637.368421053,714.5663652998835,73.10867455617128,25726.132000999933,10,36,9.6
ResultsSS,NOJ,1,SS--2S,47,428894.4210526316,6147896.684210527,714.5663652998835,73.10867455617128,25726.132000999933,10,36,9.6
ResultsSS,NOJ,1,SS--2S,48,429559.4736842105,6147156.0,714.5663652998835,73.10867455617128,25726.132000999933,10,36,9.6
ResultsSS,NOJ,1,SS--2S,49,424904.1052631579,6149624.947368421,714.5663652998835,73.10867455617128,25726.132000999933,10,36,9.6
ResultsSS,NOJ,1,SS--2S,50,424904.1052631579,6150612.52631579,714.5663652998835,73.10867455617128,25726.132000999933,10,36,9.6
ResultsSS,NOJ,1,SS--2S,51,428894.4210526316,6150118.736842105,714.5663652998835,73.10867455617128,25726.132000999933,10,36,9.6
ResultsSS,NOJ,1,SS--2S,52,429892.0,6151847.0,714.5663652998835,73.10867455617128,25726.132000999933,10,36,9.6
ResultsSS,NOJ,1,SS--2S,53,427564.3157894737,6147156.0,714.5663652998835,73.10867455617128,25726.132000999933,10,36,9.6
ResultsSS,NOJ,1,SS--2S,54,426234.2105263158,6147896.684210527,714.5663652998835,73.10867455617128,25726.132000999933,10,36,9.6
ResultsSS,NOJ,1,SS--2S,55,425569.15789473685,6151847.0,714.5663652998835,73.10867455617128,25726.132000999933,10,36,9.6
ResultsSS,NOJ,1,SS--2S,56,426234.2105263158,6150612.52631579,714.5663652998835,73.10867455617128,25726.132000999933,10,36,9.6
ResultsSS,NOJ,1,SS--2S,57,424904.1052631579,6149131.157894737,714.5663652998835,73.10867455617128,25726.132000999933,10,36,9.6
ResultsSS,NOJ,1,SS--2S,58,423574.0,6148637.368421053,714.5663652998835,73.10867455617128,25726.132000999933,10,36,9.6
ResultsSS,NOJ,1,SS--2S,59,425569.15789473685,6149378.052631579,714.5663652998835,73.10867455617128,25726.132000999933,10,36,9.6
ResultsSS,NOJ,1,SS--2S,60,428229.36842105264,6149378.052631579,714.5663652998835,73.10867455617128,25726.132000999933,10,36,9.6
ResultsSS,NOJ,1,SS--2S,61,427564.3157894737,6148637.368421053,714.5663652998835,73.10867455617128,25726.132000999933,10,36,9.6
ResultsSS,NOJ,1,SS--2S,62,426899.2631578947,6150859.421052632,714.5663652998835,73.10867455617128,25726.132000999933,10,36,9.6
ResultsSS,NOJ,1,SS--2S,63,428894.4210526316,6150612.52631579,714.5663652998835,73.10867455617128,25726.132000999933,10,36,9.6
ResultsSS,NOJ,1,SS--2S,64,424904.1052631579,6147896.684210527,714.5663652998835,73.10867455617128,25726.132000999933,10,36,9.6
ResultsSS,NOJ,1,SS--2S,65,424904.1052631579,6150118.736842105,714.5663652998835,73.10867455617128,25726.132000999933,10,36,9.6
ResultsSS,NOJ,1,SS--2S,66,424239.05263157893,6147156.0,714.5663652998835,73.10867455617128,25726.132000999933,10,36,9.6
ResultsSS,NOJ,1,SS--2S,67,428229.36842105264,6147156.0,714.5663652998835,73.10867455617128,25726.132000999933,10,36,9.6
ResultsSS,NOJ,1,SS--2S,68,427564.3157894737,6150118.736842105,714.5663652998835,73.10867455617128,25726.132000999933,10,36,9.6
ResultsSS,NOJ,1,SS--2S,69,426234.2105263158,6147156.0,714.5663652998835,73.10867455617128,25726.132000999933,10,36,9.6
ResultsSS,NOJ,1,SS--2S,70,428229.36842105264,6150365.631578947,714.5663652998835,73.10867455617128,25726.132000999933,10,36,9.6
ResultsSS,NOJ,1,SS--2S,71,424239.05263157893,6149871.842105263,714.5663652998835,73.10867455617128,25726.132000999933,10,36,9.6
ResultsSS,NOJ,1,SS--2S,72,424904.1052631579,6151847.0,714.5663652998835,73.10867455617128,25726.132000999933,10,36,9.6
ResultsSS,NOJ,1,SS--2S,73,427564.3157894737,6147896.684210527,714.5663652998835,73.10867455617128,25726.132000999933,10,36,9.6
ResultsSS,NOJ,1,SS--2S,74,429559.4736842105,6149131.157894737,714.5663652998835,73.10867455617128,25726.132000999933,10,36,9.6
ResultsSS,NOJ,1,SS--2S,75,424239.05263157893,6147896.684210527,714.5663652998835,73.10867455617128,25726.132000999933,10,36,9.6
ResultsSS,NOJ,1,SS--2S,76,425569.15789473685,6150365.631578947,714.5663652998835,73.10867455617128,25726.132000999933,10,36,9.6
ResultsSS,NOJ,1,SS--2S,77,428894.4210526316,6151847.0,714.5663652998835,73.10867455617128,25726.132000999933,10,36,9.6
ResultsSS,NOJ,1,SS--2S,78,429892.0,6148143.578947368,714.5663652998835,73.10867455617128,25726.132000999933,10,36,9.6
ResultsSS,NOJ,1,SS--2S,79,424239.05263157893,6150859.421052632,714.5663652998835,73.10867455617128,25726.132000999933,10,36,9.6
ResultsSS,NOJ,1,SS--GB,0,429217.3361536488,6147367.909170904,713.2117641175525,72.72774073245121,934.9636634999188,10,36,9.6
ResultsSS,NOJ,1,SS--GB,1,423574.0,6150673.407008647,713.2117641175525,72.72774073245121,934.9636634999188,10,36,9.6
ResultsSS,NOJ,1,SS--GB,2,423574.0,6147385.903809227,713.2117641175525,72.72774073245121,934.9636634999188,10,36,9.6
ResultsSS,NOJ,1,SS--GB,3,428612.1227864388,6151113.355607322,713.2117641175525,72.72774073245121,934.9636634999188,10,36,9.6
ResultsSS,NOJ,1,SS--GB,4,426889.29865951336,6147669.95731975,713.2117641175525,72.72774073245121,934.9636634999188,10,36,9.6
ResultsSS,NOJ,1,SS--GB,5,425900.44610016857,6149877.347009919,713.2117641175525,72.72774073245121,934.9636634999188,10,36,9.6
ResultsSS,NOJ,1,SS--GB,6,423574.0,6149647.741435805,713.2117641175525,72.72774073245121,934.9636634999188,10,36,9.6
ResultsSS,NOJ,1,SS--GB,7,425618.71958965255,6147156.0,713.2117641175525,72.72774073245121,934.9636634999188,10,36,9.6
ResultsSS,NOJ,1,SS--GB,8,428571.80335996125,6149923.510896549,713.2117641175525,72.72774073245121,934.9636634999188,10,36,9.6
ResultsSS,NOJ,1,SS--GB,9,429892.0,6148630.79103304,713.2117641175525,72.72774073245121,934.9636634999188,10,36,9.6
ResultsSS,NOJ,1,SS--GB,10,424599.6130725425,6151713.027398606,713.2117641175525,72.72774073245121,934.9636634999188,10,36,9.6
ResultsSS,NOJ,1,SS--GB,11,424311.6009626625,6148652.195627977,713.2117641175525,72.72774073245121,934.9636634999188,10,36,9.6
ResultsSS,NOJ,1,SS--GB,12,429892.0,6150620.181994586,713.2117641175525,72.72774073245121,934.9636634999188,10,36,9.6
ResultsSS,NOJ,1,SS--GB,13,423592.0638959169,6151847.0,713.2117641175525,72.72774073245121,934.9636634999188,10,36,9.6
ResultsSS,NOJ,1,SS--GB,14,427556.9073451907,6151317.800947582,713.2117641175525,72.72774073245121,934.9636634999188,10,36,9.6
ResultsSS,NOJ,1,SS--GB,15,428893.9844338884,6148646.553522646,713.2117641175525,72.72774073245121,934.9636634999188,10,36,9.6
ResultsSS,NOJ,1,SS--GB,16,427286.6397188212,6149401.047661066,713.2117641175525,72.72774073245121,934.9636634999188,10,36,9.6
ResultsSS,NOJ,1,SS--GB,17,427959.76830867556,6147417.566489432,713.2117641175525,72.72774073245121,934.9636634999188,10,36,9.6
ResultsSS,NOJ,1,SS--GB,18,425914.51665417437,6151847.0,713.2117641175525,72.72774073245121,934.9636634999188,10,36,9.6
ResultsSS,NOJ,1,SS--GB,19,425907.3785245532,6149111.522754802,713.2117641175525,72.72774073245121,934.9636634999188,10,36,9.6
ResultsSS,NOJ,1,SS--GB,20,425243.34478128375,6147844.761461051,713.2117641175525,72.72774073245121,934.9636634999188,10,36,9.6
ResultsSS,NOJ,1,SS--GB,21,426867.7027037329,6147156.0,713.2117641175525,72.72774073245121,934.9636634999188,10,36,9.6
ResultsSS,NOJ,1,SS--GB,22,423574.0,6151433.436050964,713.2117641175525,72.72774073245121,934.9636634999188,10,36,9.6
ResultsSS,NOJ,1,SS--GB,23,429539.2676966399,6151272.091500696,713.2117641175525,72.72774073245121,934.9636634999188,10,36,9.6
ResultsSS,NOJ,1,SS--GB,24,425824.6943616769,6151323.729815996,713.2117641175525,72.72774073245121,934.9636634999188,10,36,9.6
ResultsSS,NOJ,1,SS--GB,25,429229.3693951221,6151847.0,713.2117641175525,72.72774073245121,934.9636634999188,10,36,9.6
ResultsSS,NOJ,1,SS--GB,26,423925.82332898985,6148342.631391036,713.2117641175525,72.72774073245121,934.9636634999188,10,36,9.6
ResultsSS,NOJ,1,SS--GB,27,423574.0,6148086.316609842,713.2117641175525,72.72774073245121,934.9636634999188,10,36,9.6
ResultsSS,NOJ,1,SS--GB,28,429892.0,6147607.827760765,713.2117641175525,72.72774073245121,934.9636634999188,10,36,9.6
ResultsSS,NOJ,1,SS--GB,29,429892.0,6149397.349286324,713.2117641175525,72.72774073245121,934.9636634999188,10,36,9.6
ResultsSS,NOJ,1,SS--GB,30,424903.6520563884,6147265.462535187,713.2117641175525,72.72774073245121,934.9636634999188,10,36,9.6
ResultsSS,NOJ,1,SS--GB,31,427261.8994561945,6151847.0,713.2117641175525,72.72774073245121,934.9636634999188,10,36,9.6
ResultsSS,NOJ,1,SS--GB,32,425580.2650572916,6150858.333790687,713.2117641175525,72.72774073245121,934.9636634999188,10,36,9.6
ResultsSS,NOJ,1,SS--GB,33,429892.0,6150112.198168024,713.2117641175525,72.72774073245121,934.9636634999188,10,36,9.6
ResultsSS,NOJ,1,SS--GB,34,424583.12005903135,6150301.68840886,713.2117641175525,72.72774073245121,934.9636634999188,10,36,9.6
ResultsSS,NOJ,1,SS--GB,35,424303.87200958375,6147261.213306435,713.2117641175525,72.72774073245121,934.9636634999188,10,36,9.6
ResultsSS,NOJ,1,SS--GB,36,428625.50712502736,6147161.590389681,713.2117641175525,72.72774073245121,934.9636634999188,10,36,9.6
ResultsSS,NOJ,1,SS--GB,37,427603.38210874546,6150903.0968504725,713.2117641175525,72.72774073245121,934.9636634999188,10,36,9.6
ResultsSS,NOJ,1,SS--GB,38,426906.0065179838,6148935.730792082,713.2117641175525,72.72774073245121,934.9636634999188,10,36,9.6
ResultsSS,NOJ,1,SS--GB,39,425899.9791835266,6148590.804326149,713.2117641175525,72.72774073245121,934.9636634999188,10,36,9.6
ResultsSS,NOJ,1,SS--GB,40,423574.0,6150131.821931119,713.2117641175525,72.72774073245121,934.9636634999188,10,36,9.6
ResultsSS,NOJ,1,SS--GB,41,423645.8505463182,6149188.904251446,713.2117641175525,72.72774073245121,934.9636634999188,10,36,9.6
ResultsSS,NOJ,1,SS--GB,42,428888.8491204166,6149389.152965722,713.2117641175525,72.72774073245121,934.9636634999188,10,36,9.6
ResultsSS,NOJ,1,SS--GB,43,428244.7175348283,6148658.883538068,713.2117641175525,72.72774073245121,934.9636634999188,10,36,9.6
ResultsSS,NOJ,1,SS--GB,44,426891.49488780054,6150074.044113396,713.2117641175525,72.72774073245121,934.9636634999188,10,36,9.6
ResultsSS,NOJ,1,SS--GB,45,428177.97870179056,6151847.0,713.2117641175525,72.72774073245121,934.9636634999188,10,36,9.6
ResultsSS,NOJ,1,SS--GB,46,426255.67432927666,6148195.337462884,713.2117641175525,72.72774073245121,934.9636634999188,10,36,9.6
ResultsSS,NOJ,1,SS--GB,47,428883.7359359991,6147961.319054424,713.2117641175525,72.72774073245121,934.9636634999188,10,36,9.6
ResultsSS,NOJ,1,SS--GB,48,429611.1404310065,6147156.0,713.2117641175525,72.72774073245121,934.9636634999188,10,36,9.6
ResultsSS,NOJ,1,SS--GB,49,424569.07708121784,6149341.825594192,713.2117641175525,72.72774073245121,934.9636634999188,10,36,9.6
ResultsSS,NOJ,1,SS--GB,50,424948.63658146723,6151096.998741499,713.2117641175525,72.72774073245121,934.9636634999188,10,36,9.6
ResultsSS,NOJ,1,SS--GB,51,428953.16377072386,6150602.036659006,713.2117641175525,72.72774073245121,934.9636634999188,10,36,9.6
ResultsSS,NOJ,1,SS--GB,52,429888.2348886329,6151847.0,713.2117641175525,72.72774073245121,934.9636634999188,10,36,9.6
ResultsSS,NOJ,1,SS--GB,53,427499.1621377012,6147162.124181183,713.2117641175525,72.72774073245121,934.9636634999188,10,36,9.6
ResultsSS,NOJ,1,SS--GB,54,426223.0853766202,6147683.93832953,713.2117641175525,72.72774073245121,934.9636634999188,10,36,9.6
ResultsSS,NOJ,1,SS--GB,55,425225.819196125,6151846.078922821,713.2117641175525,72.72774073245121,934.9636634999188,10,36,9.6
ResultsSS,NOJ,1,SS--GB,56,426872.7938346158,6150642.087045897,713.2117641175525,72.72774073245121,934.9636634999188,10,36,9.6
ResultsSS,NOJ,1,SS--GB,57,425219.61291873246,6149119.35067148,713.2117641175525,72.72774073245121,934.9636634999188,10,36,9.6
ResultsSS,NOJ,1,SS--GB,58,423574.0,6148674.494935828,713.2117641175525,72.72774073245121,934.9636634999188,10,36,9.6
ResultsSS,NOJ,1,SS--GB,59,428258.4486553178,6150342.220593055,713.2117641175525,72.72774073245121,934.9636634999188,10,36,9.6
ResultsSS,NOJ,1,SS--GB,60,428242.6817982598,6149387.740069916,713.2117641175525,72.72774073245121,934.9636634999188,10,36,9.6
ResultsSS,NOJ,1,SS--GB,61,427524.2315064335,6148406.039069741,713.2117641175525,72.72774073245121,934.9636634999188,10,36,9.6
ResultsSS,NOJ,1,SS--GB,62,426571.72581514524,6151608.747146424,713.2117641175525,72.72774073245121,934.9636634999188,10,36,9.6
ResultsSS,NOJ,1,SS--GB,63,424619.2364639124,6148082.965208443,713.2117641175525,72.72774073245121,934.9636634999188,10,36,9.6
ResultsSS,NOJ,1,SS--GB,64,423899.6041780361,6151104.720031322,713.2117641175525,72.72774073245121,934.9636634999188,10,36,9.6
ResultsSS,NOJ,1,SS--GB,65,425208.9698029244,6149878.882624584,713.2117641175525,72.72774073245121,934.9636634999188,10,36,9.6
ResultsSS,NOJ,1,SS--GB,66,423900.48475617496,6147156.0,713.2117641175525,72.72774073245121,934.9636634999188,10,36,9.6
ResultsSS,NOJ,1,SS--GB,67,428197.09295598464,6147156.0,713.2117641175525,72.72774073245121,934.9636634999188,10,36,9.6
ResultsSS,NOJ,1,SS--GB,68,427807.4501366738,6150065.664607673,713.2117641175525,72.72774073245121,934.9636634999188,10,36,9.6
ResultsSS,NOJ,1,SS--GB,69,426248.7217352446,6147156.0,713.2117641175525,72.72774073245121,934.9636634999188,10,36,9.6
ResultsSS,NOJ,1,SS--GB,70,429498.3668206772,6149143.572593893,713.2117641175525,72.72774073245121,934.9636634999188,10,36,9.6
ResultsSS,NOJ,1,SS--GB,71,424247.26527277305,6149890.142147278,713.2117641175525,72.72774073245121,934.9636634999188,10,36,9.6
ResultsSS,NOJ,1,SS--GB,72,429492.29595609143,6149905.857291019,713.2117641175525,72.72774073245121,934.9636634999188,10,36,9.6
ResultsSS,NOJ,1,SS--GB,73,427642.8098209404,6147957.364679549,713.2117641175525,72.72774073245121,934.9636634999188,10,36,9.6
ResultsSS,NOJ,1,SS--GB,74,426528.8208595494,6149639.998082612,713.2117641175525,72.72774073245121,934.9636634999188,10,36,9.6
ResultsSS,NOJ,1,SS--GB,75,424176.63990382606,6147876.215494282,713.2117641175525,72.72774073245121,934.9636634999188,10,36,9.6
ResultsSS,NOJ,1,SS--GB,76,425478.09829940816,6150368.039074094,713.2117641175525,72.72774073245121,934.9636634999188,10,36,9.6
ResultsSS,NOJ,1,SS--GB,77,428857.08134506526,6151847.0,713.2117641175525,72.72774073245121,934.9636634999188,10,36,9.6
ResultsSS,NOJ,1,SS--GB,78,429879.3801577862,6148125.828347664,713.2117641175525,72.72774073245121,934.9636634999188,10,36,9.6
ResultsSS,NOJ,1,SS--GB,79,424599.18848319654,6150850.377802078,713.2117641175525,72.72774073245121,934.9636634999188,10,36,9.6
ResultsSS,NOJ,1,SS--2S--GB,0,429892.0,6147156.0,714.5663652998835,73.10867455617128,25734.67157049995,10,36,9.6
ResultsSS,NOJ,1,SS--2S--GB,1,423574.0,6150612.52631579,714.5663652998835,73.10867455617128,25734.67157049995,10,36,9.6
ResultsSS,NOJ,1,SS--2S--GB,2,423574.0,6147156.0,714.5663652998835,73.10867455617128,25734.67157049995,10,36,9.6
ResultsSS,NOJ,1,SS--2S--GB,3,429892.0,6151106.315789473,714.5663652998835,73.10867455617128,25734.67157049995,10,36,9.6
ResultsSS,NOJ,1,SS--2S--GB,4,424239.05263157893,6151847.0,714.5663652998835,73.10867455617128,25734.67157049995,10,36,9.6
ResultsSS,NOJ,1,SS--2S--GB,5,428229.36842105264,6151353.2105263155,714.5663652998835,73.10867455617128,25734.67157049995,10,36,9.6
ResultsSS,NOJ,1,SS--2S--GB,6,423574.0,6149624.947368421,714.5663652998835,73.10867455617128,25734.67157049995,10,36,9.6
ResultsSS,NOJ,1,SS--2S--GB,7,425569.15789473685,6147156.0,714.5663652998835,73.10867455617128,25734.67157049995,10,36,9.6
ResultsSS,NOJ,1,SS--2S--GB,8,427564.3157894737,6150612.52631579,714.5663652998835,73.10867455617128,25734.67157049995,10,36,9.6
ResultsSS,NOJ,1,SS--2S--GB,9,429892.0,6148637.368421053,714.5663652998835,73.10867455617128,25734.67157049995,10,36,9.6
ResultsSS,NOJ,1,SS--2S--GB,10,426899.2631578947,6147896.684210527,714.5663652998835,73.10867455617128,25734.67157049995,10,36,9.6
ResultsSS,NOJ,1,SS--2S--GB,11,423574.0,6147649.7894736845,714.5663652998835,73.10867455617128,25734.67157049995,10,36,9.6
ResultsSS,NOJ,1,SS--2S--GB,12,429892.0,6150612.52631579,714.5663652998835,73.10867455617128,25734.67157049995,10,36,9.6
ResultsSS,NOJ,1,SS--2S--GB,13,423574.0,6151847.0,714.5663652998835,73.10867455617128,25734.67157049995,10,36,9.6
ResultsSS,NOJ,1,SS--2S--GB,14,427564.3157894737,6151847.0,714.5663652998835,73.10867455617128,25734.67157049995,10,36,9.6
ResultsSS,NOJ,1,SS--2S--GB,15,428894.4210526316,6148637.368421053,714.5663652998835,73.10867455617128,25734.67157049995,10,36,9.6
ResultsSS,NOJ,1,SS--2S--GB,16,427564.3157894737,6149624.947368421,714.5663652998835,73.10867455617128,25734.67157049995,10,36,9.6
ResultsSS,NOJ,1,SS--2S--GB,17,428229.36842105264,6147896.684210527,714.5663652998835,73.10867455617128,25734.67157049995,10,36,9.6
ResultsSS,NOJ,1,SS--2S--GB,18,426234.2105263158,6151847.0,714.5663652998835,73.10867455617128,25734.67157049995,10,36,9.6
ResultsSS,NOJ,1,SS--2S--GB,19,426234.2105263158,6149624.947368421,714.5663652998835,73.10867455617128,25734.67157049995,10,36,9.6
ResultsSS,NOJ,1,SS--2S--GB,20,424904.1052631579,6148637.368421053,714.5663652998835,73.10867455617128,25734.67157049995,10,36,9.6
ResultsSS,NOJ,1,SS--2S--GB,21,426899.2631578947,6147156.0,714.5663652998835,73.10867455617128,25734.67157049995,10,36,9.6
ResultsSS,NOJ,1,SS--2S--GB,22,423574.0,6151106.315789473,714.5663652998835,73.10867455617128,25734.67157049995,10,36,9.6
ResultsSS,NOJ,1,SS--2S--GB,23,428894.4210526316,6151106.315789473,714.5663652998835,73.10867455617128,25734.67157049995,10,36,9.6
ResultsSS,NOJ,1,SS--2S--GB,24,424904.1052631579,6151106.315789473,714.5663652998835,73.10867455617128,25734.67157049995,10,36,9.6
ResultsSS,NOJ,1,SS--2S--GB,25,429559.4736842105,6151847.0,714.5663652998835,73.10867455617128,25734.67157049995,10,36,9.6
ResultsSS,NOJ,1,SS--2S--GB,26,424239.05263157893,6148884.263157895,714.5663652998835,73.10867455617128,25734.67157049995,10,36,9.6
ResultsSS,NOJ,1,SS--2S--GB,27,423574.0,6148143.578947368,714.5663652998835,73.10867455617128,25734.67157049995,10,36,9.6
ResultsSS,NOJ,1,SS--2S--GB,28,429892.0,6147649.7894736845,714.5663652998835,73.10867455617128,25734.67157049995,10,36,9.6
ResultsSS,NOJ,1,SS--2S--GB,29,429892.0,6149378.052631579,714.5663652998835,73.10867455617128,25734.67157049995,10,36,9.6
ResultsSS,NOJ,1,SS--2S--GB,30,424904.1052631579,6147156.0,714.5663652998835,73.10867455617128,25734.67157049995,10,36,9.6
ResultsSS,NOJ,1,SS--2S--GB,31,426899.2631578947,6151847.0,714.5663652998835,73.10867455617128,25734.67157049995,10,36,9.6
ResultsSS,NOJ,1,SS--2S--GB,32,425569.15789473685,6151353.2105263155,714.5663652998835,73.10867455617128,25734.67157049995,10,36,9.6
ResultsSS,NOJ,1,SS--2S--GB,33,429892.0,6150118.736842105,714.5663652998835,73.10867455617128,25734.67157049995,10,36,9.6
ResultsSS,NOJ,1,SS--2S--GB,34,425569.15789473685,6147896.684210527,714.5663652998835,73.10867455617128,25734.67157049995,10,36,9.6
ResultsSS,NOJ,1,SS--2S--GB,35,428894.4210526316,6147156.0,714.5663652998835,73.10867455617128,25734.67157049995,10,36,9.6
ResultsSS,NOJ,1,SS--2S--GB,36,425569.15789473685,6148390.47368421,714.5663652998835,73.10867455617128,25734.67157049995,10,36,9.6
ResultsSS,NOJ,1,SS--2S--GB,37,427564.3157894737,6151106.315789473,714.5663652998835,73.10867455617128,25734.67157049995,10,36,9.6
ResultsSS,NOJ,1,SS--2S--GB,38,426899.2631578947,6148884.263157895,714.5663652998835,73.10867455617128,25734.67157049995,10,36,9.6
ResultsSS,NOJ,1,SS--2S--GB,39,426234.2105263158,6151106.315789473,714.5663652998835,73.10867455617128,25734.67157049995,10,36,9.6
ResultsSS,NOJ,1,SS--2S--GB,40,423574.0,6150118.736842105,714.5663652998835,73.10867455617128,25734.67157049995,10,36,9.6
ResultsSS,NOJ,1,SS--2S--GB,41,423574.0,6149131.157894737,714.5663652998835,73.10867455617128,25734.67157049995,10,36,9.6
ResultsSS,NOJ,1,SS--2S--GB,42,428894.4210526316,6149378.052631579,714.5663652998835,73.10867455617128,25734.67157049995,10,36,9.6
ResultsSS,NOJ,1,SS--2S--GB,43,428229.36842105264,6148637.368421053,714.5663652998835,73.10867455617128,25734.67157049995,10,36,9.6
ResultsSS,NOJ,1,SS--2S--GB,44,426899.2631578947,6149871.842105263,714.5663652998835,73.10867455617128,25734.67157049995,10,36,9.6
ResultsSS,NOJ,1,SS--2S--GB,45,428229.36842105264,6151847.0,714.5663652998835,73.10867455617128,25734.67157049995,10,36,9.6
ResultsSS,NOJ,1,SS--2S--GB,46,426234.2105263158,6148637.368421053,714.5663652998835,73.10867455617128,25734.67157049995,10,36,9.6
ResultsSS,NOJ,1,SS--2S--GB,47,428894.4210526316,6147896.684210527,714.5663652998835,73.10867455617128,25734.67157049995,10,36,9.6
ResultsSS,NOJ,1,SS--2S--GB,48,429559.4736842105,6147156.0,714.5663652998835,73.10867455617128,25734.67157049995,10,36,9.6
ResultsSS,NOJ,1,SS--2S--GB,49,424904.1052631579,6149624.947368421,714.5663652998835,73.10867455617128,25734.67157049995,10,36,9.6
ResultsSS,NOJ,1,SS--2S--GB,50,424904.1052631579,6150612.52631579,714.5663652998835,73.10867455617128,25734.67157049995,10,36,9.6
ResultsSS,NOJ,1,SS--2S--GB,51,428894.4210526316,6150118.736842105,714.5663652998835,73.10867455617128,25734.67157049995,10,36,9.6
ResultsSS,NOJ,1,SS--2S--GB,52,429892.0,6151847.0,714.5663652998835,73.10867455617128,25734.67157049995,10,36,9.6
ResultsSS,NOJ,1,SS--2S--GB,53,427564.3157894737,6147156.0,714.5663652998835,73.10867455617128,25734.67157049995,10,36,9.6
ResultsSS,NOJ,1,SS--2S--GB,54,426234.2105263158,6147896.684210527,714.5663652998835,73.10867455617128,25734.67157049995,10,36,9.6
ResultsSS,NOJ,1,SS--2S--GB,55,425569.15789473685,6151847.0,714.5663652998835,73.10867455617128,25734.67157049995,10,36,9.6
ResultsSS,NOJ,1,SS--2S--GB,56,426234.2105263158,6150612.52631579,714.5663652998835,73.10867455617128,25734.67157049995,10,36,9.6
ResultsSS,NOJ,1,SS--2S--GB,57,424904.1052631579,6149131.157894737,714.5663652998835,73.10867455617128,25734.67157049995,10,36,9.6
ResultsSS,NOJ,1,SS--2S--GB,58,423574.0,6148637.368421053,714.5663652998835,73.10867455617128,25734.67157049995,10,36,9.6
ResultsSS,NOJ,1,SS--2S--GB,59,425569.15789473685,6149378.052631579,714.5663652998835,73.10867455617128,25734.67157049995,10,36,9.6
ResultsSS,NOJ,1,SS--2S--GB,60,428229.36842105264,6149378.052631579,714.5663652998835,73.10867455617128,25734.67157049995,10,36,9.6
ResultsSS,NOJ,1,SS--2S--GB,61,427564.3157894737,6148637.368421053,714.5663652998835,73.10867455617128,25734.67157049995,10,36,9.6
ResultsSS,NOJ,1,SS--2S--GB,62,426899.2631578947,6150859.421052632,714.5663652998835,73.10867455617128,25734.67157049995,10,36,9.6
ResultsSS,NOJ,1,SS--2S--GB,63,428894.4210526316,6150612.52631579,714.5663652998835,73.10867455617128,25734.67157049995,10,36,9.6
ResultsSS,NOJ,1,SS--2S--GB,64,424904.1052631579,6147896.684210527,714.5663652998835,73.10867455617128,25734.67157049995,10,36,9.6
ResultsSS,NOJ,1,SS--2S--GB,65,424904.1052631579,6150118.736842105,714.5663652998835,73.10867455617128,25734.67157049995,10,36,9.6
ResultsSS,NOJ,1,SS--2S--GB,66,424239.05263157893,6147156.0,714.5663652998835,73.10867455617128,25734.67157049995,10,36,9.6
ResultsSS,NOJ,1,SS--2S--GB,67,428229.36842105264,6147156.0,714.5663652998835,73.10867455617128,25734.67157049995,10,36,9.6
ResultsSS,NOJ,1,SS--2S--GB,68,427564.3157894737,6150118.736842105,714.5663652998835,73.10867455617128,25734.67157049995,10,36,9.6
ResultsSS,NOJ,1,SS--2S--GB,69,426234.2105263158,6147156.0,714.5663652998835,73.10867455617128,25734.67157049995,10,36,9.6
ResultsSS,NOJ,1,SS--2S--GB,70,428229.36842105264,6150365.631578947,714.5663652998835,73.10867455617128,25734.67157049995,10,36,9.6
ResultsSS,NOJ,1,SS--2S--GB,71,424239.05263157893,6149871.842105263,714.5663652998835,73.10867455617128,25734.67157049995,10,36,9.6
ResultsSS,NOJ,1,SS--2S--GB,72,424904.1052631579,6151847.0,714.5663652998835,73.10867455617128,25734.67157049995,10,36,9.6
ResultsSS,NOJ,1,SS--2S--GB,73,427564.3157894737,6147896.684210527,714.5663652998835,73.10867455617128,25734.67157049995,10,36,9.6
ResultsSS,NOJ,1,SS--2S--GB,74,429559.4736842105,6149131.157894737,714.5663652998835,73.10867455617128,25734.67157049995,10,36,9.6
ResultsSS,NOJ,1,SS--2S--GB,75,424239.05263157893,6147896.684210527,714.5663652998835,73.10867455617128,25734.67157049995,10,36,9.6
ResultsSS,NOJ,1,SS--2S--GB,76,425569.15789473685,6150365.631578947,714.5663652998835,73.10867455617128,25734.67157049995,10,36,9.6
ResultsSS,NOJ,1,SS--2S--GB,77,428894.4210526316,6151847.0,714.5663652998835,73.10867455617128,25734.67157049995,10,36,9.6
ResultsSS,NOJ,1,SS--2S--GB,78,429892.0,6148143.578947368,714.5663652998835,73.10867455617128,25734.67157049995,10,36,9.6
ResultsSS,NOJ,1,SS--2S--GB,79,424239.05263157893,6150859.421052632,714.5663652998835,73.10867455617128,25734.67157049995,10,36,9.6
