run_name,script,wake_model,seed,iteration,phase,AEP [GWh],elapsed_sec,wd_step_deg,n_wd,ws
SS_seed1,ResultsSS,NOJ,1,0,SmartStart,72.27765953724,120.81859369995072,10,36,9.6
SS_seed1,ResultsSS,NOJ,1,1,Two-step,72.30256892534175,147.73421759996563,10,36,9.6
SS_seed1,ResultsSS,NOJ,1,2,Two-step,72.30256892534175,175.8836028999649,10,36,9.6
SS_seed1,ResultsSS,NOJ,1,3,Two-step,72.31234297882278,210.19482539995806,10,36,9.6
SS_seed1,ResultsSS,NOJ,1,4,Two-step,72.33480970285927,258.23548329999903,10,36,9.6
SS_seed1,ResultsSS,NOJ,1,5,Two-step,72.36124215336724,312.17204249999486,10,36,9.6
SS_seed1,ResultsSS,NOJ,1,6,Two-step,72.36658428339922,355.9858975999523,10,36,9.6
SS_seed1,ResultsSS,NOJ,1,7,Two-step,72.36658428339922,396.187770599965,10,36,9.6
SS_seed1,ResultsSS,NOJ,1,8,Two-step,72.36658428339922,448.24026009999216,10,36,9.6
SS_seed1,ResultsSS,NOJ,1,9,Two-step,72.38381417606269,494.56558409996796,10,36,9.6
SS_seed1,ResultsSS,NOJ,1,10,Two-step,72.38381417606269,534.7311720999423,10,36,9.6
SS_seed1,ResultsSS,NOJ,1,11,Two-step,72.40223442303933,575.4744308999507,10,36,9.6
SS_seed1,ResultsSS,NOJ,1,12,Two-step,72.4444039878252,616.6152460999438,10,36,9.6
SS_seed1,ResultsSS,NOJ,1,13,Two-step,72.4444039878252,653.8384335999726,10,36,9.6
SS_seed1,ResultsSS,NOJ,1,14,Two-step,72.4444039878252,689.4108695999603,10,36,9.6
SS_seed1,ResultsSS,NOJ,1,15,Two-step,72.44839327755695,724.1927301999531,10,36,9.6
SS_seed1,ResultsSS,NOJ,1,16,Two-step,72.44839327755695,758.8733104999992,10,36,9.6
SS_seed1,ResultsSS,NOJ,1,17,Two-step,72.44937618940007,794.925579999981,10,36,9.6
SS_seed1,ResultsSS,NOJ,1,18,Two-step,72.49032828437291,830.6723429999547,10,36,9.6
SS_seed1,ResultsSS,NOJ,1,19,Two-step,72.49032828437291,868.2408163999789,10,36,9.6
SS_seed1,ResultsSS,NOJ,1,20,Two-step,72.50298479373598,913.8496490999823,10,36,9.6
SS_seed1,ResultsSS,NOJ,1,21,Two-step,72.50897310812857,953.7344008999644,10,36,9.6
SS_seed1,ResultsSS,NOJ,1,22,Two-step,72.50897310812857,987.2097787999664,10,36,9.6
SS_seed1,ResultsSS,NOJ,1,23,Two-step,72.50897310812857,1023.4740800999571,10,36,9.6
SS_seed1,ResultsSS,NOJ,1,24,Two-step,72.5153107845219,1064.187895799987,10,36,9.6
SS_seed1,ResultsSS,NOJ,1,25,Two-step,72.5176404211176,1101.4681420999696,10,36,9.6
SS_seed1,ResultsSS,NOJ,1,26,Two-step,72.53142864679694,1139.7468560999841,10,36,9.6
SS_seed1,ResultsSS,NOJ,1,27,Two-step,72.57677581060848,1176.5515686999424,10,36,9.6
SS_seed1,ResultsSS,NOJ,1,28,Two-step,72.57677581060848,1213.349499999953,10,36,9.6
SS_seed1,ResultsSS,NOJ,1,29,Two-step,72.57677581060848,1249.8410235999618,10,36,9.6
SS_seed1,ResultsSS,NOJ,1,30,Two-step,72.57677581060848,1287.199927699985,10,36,9.6
SS_seed1,ResultsSS,NOJ,1,31,Two-step,72.59229196384979,1327.7736497999867,10,36,9.6
SS_seed1,ResultsSS,NOJ,1,32,Two-step,72.59769003122504,1367.526180899993,10,36,9.6
SS_seed1,ResultsSS,NOJ,1,33,Two-step,72.60455099046925,1406.596553499985,10,36,9.6
SS_seed1,ResultsSS,NOJ,1,34,Two-step,72.60455099046925,1444.4836178999976,10,36,9.6
SS_seed1,ResultsSS,NOJ,1,35,Two-step,72.62625481393633,1482.6466487999423,10,36,9.6
SS_seed1,ResultsSS,NOJ,1,36,Two-step,72.6328622728958,1524.2407565999893,10,36,9.6
SS_seed1,ResultsSS,NOJ,1,37,Two-step,72.6653686855276,1563.9114120000158,10,36,9.6
SS_seed1,ResultsSS,NOJ,1,38,Two-step,72.6653686855276,1603.3766079999623,10,36,9.6
SS_seed1,ResultsSS,NOJ,1,39,Two-step,72.6653686855276,1647.024942499993,10,36,9.6
SS_seed1,ResultsSS,NOJ,1,40,Two-step,72.67368915218285,1687.1581683999975,10,36,9.6
SS_seed1,ResultsSS,NOJ,1,41,Two-step,72.67368915218285,1727.8532599999453,10,36,9.6
SS_seed1,ResultsSS,NOJ,1,42,Two-step,72.67368915218285,1767.1732084999676,10,36,9.6
SS_seed1,ResultsSS,NOJ,1,43,Two-step,72.67368915218285,1806.685185600014,10,36,9.6
SS_seed1,ResultsSS,NOJ,1,44,Two-step,72.67368915218285,1845.8919158999925,10,36,9.6
SS_seed1,ResultsSS,NOJ,1,45,Two-step,72.6803678225825,1886.3733926999266,10,36,9.6
SS_seed1,ResultsSS,NOJ,1,46,Two-step,72.6803678225825,1924.7183934000204,10,36,9.6
SS_seed1,ResultsSS,NOJ,1,47,Two-step,72.68661106340357,1964.3021429000073,10,36,9.6
SS_seed1,ResultsSS,NOJ,1,48,Two-step,72.68661106340357,2002.213719399937,10,36,9.6
SS_seed1,ResultsSS,NOJ,1,49,Two-step,72.68661106340357,2040.2970351999975,10,36,9.6
SS_seed1,ResultsSS,NOJ,1,50,Two-step,72.69640135931239,2079.282320599945,10,36,9.6
SS_seed1,ResultsSS,NOJ,1,51,Two-step,72.70332381884705,2117.818495699961,10,36,9.6
SS_seed1,ResultsSS,NOJ,1,52,Two-step,72.70614571453675,2156.2954018000164,10,36,9.6
SS_seed1,ResultsSS,NOJ,1,53,Two-step,72.70614571453675,2195.7444207999506,10,36,9.6
SS_seed1,ResultsSS,NOJ,1,54,Two-step,72.70614571453675,2233.748166199948,10,36,9.6
SS_seed1,ResultsSS,NOJ,1,55,Two-step,72.7149255894653,2272.7583368999767,10,36,9.6
SS_seed1,ResultsSS,NOJ,1,56,Two-step,72.7149255894653,2311.5842031000066,10,36,9.6
SS_seed1,ResultsSS,NOJ,1,57,Two-step,72.71535487861473,2349.948764499917,10,36,9.6
SS_seed1,ResultsSS,NOJ,1,58,Two-step,72.7221865360797,2387.2573030000203,10,36,9.6
SS_seed1,ResultsSS,NOJ,1,59,Two-step,72.7221865360797,2425.566748799931,10,36,9.6
SS_seed1,ResultsSS,NOJ,1,60,Two-step,72.72884460506648,2464.2926432999666,10,36,9.6
SS_seed1,ResultsSS,NOJ,1,61,Two-step,72.72884460506648,2502.5518720999244,10,36,9.6
SS_seed1,ResultsSS,NOJ,1,62,Two-step,72.73808776675122,2542.059603200003,10,36,9.6
SS_seed1,ResultsSS,NOJ,1,63,Two-step,72.73808776675122,2581.8604572999175,10,36,9.6
SS_seed1,ResultsSS,NOJ,1,64,Two-step,72.75145795678532,2620.1021806999925,10,36,9.6
SS_seed1,ResultsSS,NOJ,1,65,Two-step,72.76083772428188,2658.759061800025,10,36,9.6
SS_seed1,ResultsSS,NOJ,1,66,Two-step,72.78244547152218,2697.4906065000105,10,36,9.6
SS_seed1,ResultsSS,NOJ,1,67,Two-step,72.78244547152218,2736.2492171999183,10,36,9.6
SS_seed1,ResultsSS,NOJ,1,68,Two-step,72.78244547152218,2774.244786999945,10,36,9.6
SS_seed1,ResultsSS,NOJ,1,69,Two-step,72.78244547152218,2813.3214341999847,10,36,9.6
SS_seed1,ResultsSS,NOJ,1,70,Two-step,72.78244547152218,2851.385712700023,10,36,9.6
SS_seed1,ResultsSS,NOJ,1,71,Two-step,72.78244547152218,2890.646386899927,10,36,9.6
SS_seed1,ResultsSS,NOJ,1,72,Two-step,72.78244547152218,2930.7518413999933,10,36,9.6
SS_seed1,ResultsSS,NOJ,1,73,Two-step,72.7862600189531,2971.8386507999967,10,36,9.6
SS_seed1,ResultsSS,NOJ,1,74,Two-step,72.7862600189531,3012.406100399967,10,36,9.6
SS_seed1,ResultsSS,NOJ,1,75,Two-step,72.78738526806225,3051.4454875999945,10,36,9.6
SS_seed1,ResultsSS,NOJ,1,76,Two-step,72.78738526806225,3090.824238699919,10,36,9.6
SS_seed1,ResultsSS,NOJ,1,77,Two-step,72.78738526806225,3130.554313300003,10,36,9.6
SS_seed1,ResultsSS,NOJ,1,78,Two-step,72.78738526806225,3169.843439500022,10,36,9.6
SS_seed1,ResultsSS,NOJ,1,79,Two-step,72.78738526806225,3208.3887713000295,10,36,9.6
SS_seed1,ResultsSS,NOJ,1,80,Two-step,72.80652519442737,3247.9456929999287,10,36,9.6
SS_seed1,ResultsSS,NOJ,1,81,Two-step,72.80652519442737,3286.479974899965,10,36,9.6
SS_seed1,ResultsSS,NOJ,1,82,Two-step,72.80652519442737,3328.022552999959,10,36,9.6
SS_seed1,ResultsSS,NOJ,1,83,Two-step,72.80652519442737,3366.1987875999766,10,36,9.6
SS_seed1,ResultsSS,NOJ,1,84,Two-step,72.80652519442737,3405.6927290999447,10,36,9.6
SS_seed1,ResultsSS,NOJ,1,85,Two-step,72.80652519442737,3445.0808652999694,10,36,9.6
SS_seed1,ResultsSS,NOJ,1,86,Two-step,72.80652519442737,3485.5720272999606,10,36,9.6
SS_seed1,ResultsSS,NOJ,1,87,Two-step,72.80652519442737,3520.614884999988,10,36,9.6
SS_seed1,ResultsSS,NOJ,1,88,Two-step,72.80652519442737,3559.4087489999947,10,36,9.6
SS_seed1,ResultsSS,NOJ,1,89,Two-step,72.81502896447442,3599.576416899974,10,36,9.6
SS_seed1,ResultsSS,NOJ,1,90,Two-step,72.81502896447442,3638.8185577999684,10,36,9.6
SS_seed1,ResultsSS,NOJ,1,91,Two-step,72.81502896447442,3678.9618522999226,10,36,9.6
SS_seed1,ResultsSS,NOJ,1,92,Two-step,72.81502896447442,3718.1622988000163,10,36,9.6
SS_seed1,ResultsSS,NOJ,1,93,Two-step,72.81502896447442,3757.449530499929,10,36,9.6
SS_seed1,ResultsSS,NOJ,1,94,Two-step,72.81502896447442,3801.1140612000017,10,36,9.6
SS_seed1,ResultsSS,NOJ,1,95,Two-step,72.83767802425008,3844.9840584999765,10,36,9.6
SS_seed1,ResultsSS,NOJ,1,96,Two-step,72.83767802425008,3885.45859939995,10,36,9.6
SS_seed1,ResultsSS,NOJ,1,97,Two-step,72.83812170206612,3922.312659899995,10,36,9.6
SS_seed1,ResultsSS,NOJ,1,98,Two-step,72.83812170206612,3958.9465455000172,10,36,9.6
SS_seed1,ResultsSS,NOJ,1,99,Two-step,72.83812170206612,3995.4665972999646,10,36,9.6
SS_seed1,ResultsSS,NOJ,1,100,Two-step,72.83812170206612,4031.555495999928,10,36,9.6
SS_seed1,ResultsSS,NOJ,1,101,Two-step,72.86498860518964,4072.091179199924,10,36,9.6
SS_seed1,ResultsSS,NOJ,1,102,Two-step,72.86498860518964,4111.682521199982,10,36,9.6
SS_seed1,ResultsSS,NOJ,1,103,Two-step,72.86629727425728,4152.851357700012,10,36,9.6
SS_seed1,ResultsSS,NOJ,1,104,Two-step,72.86656860724572,4197.066306499939,10,36,9.6
SS_seed1,ResultsSS,NOJ,1,105,Two-step,72.8684937093234,4242.378159200016,10,36,9.6
SS_seed1,ResultsSS,NOJ,1,106,Two-step,72.8684937093234,4285.8323963999865,10,36,9.6
SS_seed1,ResultsSS,NOJ,1,107,Two-step,72.8684937093234,4337.603919999965,10,36,9.6
SS_seed1,ResultsSS,NOJ,1,108,Two-step,72.8684937093234,4382.225183999923,10,36,9.6
SS_seed1,ResultsSS,NOJ,1,109,Two-step,72.8684937093234,4419.064060099947,10,36,9.6
SS_seed1,ResultsSS,NOJ,1,110,Two-step,72.8684937093234,4455.236466499919,10,36,9.6
SS_seed1,ResultsSS,NOJ,1,111,Two-step,72.8684937093234,4491.598633699992,10,36,9.6
SS_seed1,ResultsSS,NOJ,1,112,Two-step,72.8684937093234,4527.272559800011,10,36,9.6
SS_seed1,ResultsSS,NOJ,1,113,Two-step,72.87467465855727,4561.452808799979,10,36,9.6
SS_seed1,ResultsSS,NOJ,1,114,Two-step,72.87467465855727,4595.9834837000235,10,36,9.6
SS_seed1,ResultsSS,NOJ,1,115,Two-step,72.87467465855727,4630.472682499967,10,36,9.6
SS_seed1,ResultsSS,NOJ,1,116,Two-step,72.87467465855727,4665.052506899985,10,36,9.6
SS_seed1,ResultsSS,NOJ,1,117,Two-step,72.88717709706276,4702.761768599914,10,36,9.6
SS_seed1,ResultsSS,NOJ,1,118,Two-step,72.88717709706276,4739.878883399942,10,36,9.6
SS_seed1,ResultsSS,NOJ,1,119,Two-step,72.88717709706276,4779.692816899915,10,36,9.6
SS_seed1,ResultsSS,NOJ,1,120,Two-step,72.8955605372687,4817.2137867999845,10,36,9.6
SS_seed1,ResultsSS,NOJ,1,121,Two-step,72.8955605372687,4852.024756399973,10,36,9.6
SS_seed1,ResultsSS,NOJ,1,122,Two-step,72.8955605372687,4887.689219299995,10,36,9.6
SS_seed1,ResultsSS,NOJ,1,123,Two-step,72.8955605372687,4922.850699200004,10,36,9.6
SS_seed1,ResultsSS,NOJ,1,124,Two-step,72.8955605372687,4960.692114999925,10,36,9.6
SS_seed1,ResultsSS,NOJ,1,125,Two-step,72.8955605372687,4999.494300499966,10,36,9.6
SS_seed1,ResultsSS,NOJ,1,126,Two-step,72.8955605372687,5038.9425272999215,10,36,9.6
SS_seed1,ResultsSS,NOJ,1,127,Two-step,72.8955605372687,5076.898133299954,10,36,9.6
SS_seed1,ResultsSS,NOJ,1,128,Two-step,72.8955605372687,5117.335826999915,10,36,9.6
SS_seed1,ResultsSS,NOJ,1,129,Two-step,72.8955605372687,5155.217245300009,10,36,9.6
SS_seed1,ResultsSS,NOJ,1,130,Two-step,72.90337204904314,5192.797632500005,10,36,9.6
SS_seed1,ResultsSS,NOJ,1,131,Two-step,72.9163492227417,5230.533895199944,10,36,9.6
SS_seed1,ResultsSS,NOJ,1,132,Two-step,72.9163492227417,5266.545677900023,10,36,9.6
SS_seed1,ResultsSS,NOJ,1,133,Two-step,72.9163492227417,5302.643221499922,10,36,9.6
SS_seed1,ResultsSS,NOJ,1,134,Two-step,72.9163492227417,5341.09580499999,10,36,9.6
SS_seed1,ResultsSS,NOJ,1,135,Two-step,72.9163492227417,5376.875463399978,10,36,9.6
SS_seed1,ResultsSS,NOJ,1,136,Two-step,72.9163492227417,5412.643636499939,10,36,9.6
SS_seed1,ResultsSS,NOJ,1,137,Two-step,72.9163492227417,5448.298097299936,10,36,9.6
SS_seed1,ResultsSS,NOJ,1,138,Two-step,72.9163492227417,5484.434318599931,10,36,9.6
SS_seed1,ResultsSS,NOJ,1,139,Two-step,72.9163492227417,5519.163757399947,10,36,9.6
SS_seed1,ResultsSS,NOJ,1,140,Two-step,72.9163492227417,5554.336325599987,10,36,9.6
SS_seed1,ResultsSS,NOJ,1,141,Two-step,72.9163492227417,5596.5268866000115,10,36,9.6
SS_seed1,ResultsSS,NOJ,1,142,Two-step,72.9163492227417,5634.843561600021,10,36,9.6
SS_seed1,ResultsSS,NOJ,1,143,Two-step,72.9163492227417,5671.978280899988,10,36,9.6
SS_seed1,ResultsSS,NOJ,1,144,Two-step,72.9163492227417,5718.100025499996,10,36,9.6
SS_seed1,ResultsSS,NOJ,1,145,Two-step,72.91893891949323,5755.693154999928,10,36,9.6
SS_seed1,ResultsSS,NOJ,1,146,Two-step,72.91893891949323,5790.461414499965,10,36,9.6
SS_seed1,ResultsSS,NOJ,1,147,Two-step,72.93705747830573,5827.014724799956,10,36,9.6
SS_seed1,ResultsSS,NOJ,1,148,Two-step,72.93705747830573,5868.810360899952,10,36,9.6
SS_seed1,ResultsSS,NOJ,1,149,Two-step,72.93705747830573,5912.4497735999175,10,36,9.6
SS_seed1,ResultsSS,NOJ,1,150,Two-step,72.93705747830573,5952.039994399936,10,36,9.6
SS_seed1,ResultsSS,NOJ,1,151,Two-step,72.93705747830573,5991.90192959999,10,36,9.6
SS_seed1,ResultsSS,NOJ,1,152,Two-step,72.93705747830573,6039.969977399975,10,36,9.6
SS_seed1,ResultsSS,NOJ,1,153,Two-step,72.93705747830573,6086.446178300015,10,36,9.6
SS_seed1,ResultsSS,NOJ,1,154,Two-step,72.93705747830573,6135.665319399966,10,36,9.6
SS_seed1,ResultsSS,NOJ,1,155,Two-step,72.94832259712922,6182.355712199991,10,36,9.6
SS_seed1,ResultsSS,NOJ,1,156,Two-step,72.94832259712922,6226.516981500026,10,36,9.6
SS_seed1,ResultsSS,NOJ,1,157,Two-step,72.94832259712922,6274.013343599916,10,36,9.6
SS_seed1,ResultsSS,NOJ,1,158,Two-step,72.94832259712922,6318.967949800019,10,36,9.6
SS_seed1,ResultsSS,NOJ,1,159,Two-step,72.94832259712922,6362.400131399918,10,36,9.6
SS_seed1,ResultsSS,NOJ,1,160,Two-step,72.94832259712922,6408.763289299968,10,36,9.6
SS_seed1,ResultsSS,NOJ,1,161,Two-step,72.94832259712922,6452.1850439999835,10,36,9.6
SS_seed1,ResultsSS,NOJ,1,162,Two-step,72.94832259712922,6496.2442890999955,10,36,9.6
SS_seed1,ResultsSS,NOJ,1,163,Two-step,72.94832259712922,6541.499574599962,10,36,9.6
SS_seed1,ResultsSS,NOJ,1,164,Two-step,72.94832259712922,6585.26705189998,10,36,9.6
SS_seed1,ResultsSS,NOJ,1,165,Two-step,72.95168688991328,6628.27070059994,10,36,9.6
SS_seed1,ResultsSS,NOJ,1,166,Two-step,72.95168688991328,6670.70991949999,10,36,9.6
SS_seed1,ResultsSS,NOJ,1,167,Two-step,72.95168688991328,6713.075817799952,10,36,9.6
SS_seed1,ResultsSS,NOJ,1,168,Two-step,72.95168688991328,6756.728601699986,10,36,9.6
SS_seed1,ResultsSS,NOJ,1,169,Two-step,72.95168688991328,6802.500157999981,10,36,9.6
SS_seed1,ResultsSS,NOJ,1,170,Two-step,72.95168688991328,6847.944688699965,10,36,9.6
SS_seed1,ResultsSS,NOJ,1,171,Two-step,72.95168688991328,6893.156642700022,10,36,9.6
SS_seed1,ResultsSS,NOJ,1,172,Two-step,72.95168688991328,6935.820236199943,10,36,9.6
SS_seed1,ResultsSS,NOJ,1,173,Two-step,72.95168688991328,6981.125659299956,10,36,9.6
SS_seed1,ResultsSS,NOJ,1,174,Two-step,72.95168688991328,7025.622320700029,10,36,9.6
SS_seed1,ResultsSS,NOJ,1,175,Two-step,72.95168688991328,7074.185508100025,10,36,9.6
SS_seed1,ResultsSS,NOJ,1,176,Two-step,72.95168688991328,7128.199323399982,10,36,9.6
SS_seed1,ResultsSS,NOJ,1,177,Two-step,72.95168688991328,7174.741466799926,10,36,9.6
SS_seed1,ResultsSS,NOJ,1,178,Two-step,72.95168688991328,7214.211919199966,10,36,9.6
SS_seed1,ResultsSS,NOJ,1,179,Two-step,72.95168688991328,7252.866859900008,10,36,9.6
SS_seed1,ResultsSS,NOJ,1,180,Two-step,72.95168688991328,7296.666985299962,10,36,9.6
SS_seed1,ResultsSS,NOJ,1,181,Two-step,72.95168688991328,7330.282400699973,10,36,9.6
SS_seed1,ResultsSS,NOJ,1,182,Two-step,72.95168688991328,7363.560962099989,10,36,9.6
SS_seed1,ResultsSS,NOJ,1,183,Two-step,72.95168688991328,7391.651014500007,10,36,9.6
SS_seed1,ResultsSS,NOJ,1,184,Two-step,72.95168688991328,7417.495089899923,10,36,9.6
SS_seed1,ResultsSS,NOJ,1,185,Two-step,72.95168688991328,7448.016208199959,10,36,9.6
SS_seed1,ResultsSS,NOJ,1,186,Two-step,72.95168688991328,7478.509316599986,10,36,9.6
SS_seed1,ResultsSS,NOJ,1,187,Two-step,72.95168688991328,7511.691297799989,10,36,9.6
SS_seed1,ResultsSS,NOJ,1,188,Two-step,72.95168688991328,7550.181091099919,10,36,9.6
SS_seed1,ResultsSS,NOJ,1,189,Two-step,72.95168688991328,7589.943037899968,10,36,9.6
SS_seed1,ResultsSS,NOJ,1,190,Two-step,72.95168688991328,7632.173161899962,10,36,9.6
SS_seed1,ResultsSS,NOJ,1,191,Two-step,72.95168688991328,7671.393022699922,10,36,9.6
SS_seed1,ResultsSS,NOJ,1,192,Two-step,72.95168688991328,7711.672601400001,10,36,9.6
SS_seed1,ResultsSS,NOJ,1,193,Two-step,72.95168688991328,7749.031309299928,10,36,9.6
SS_seed1,ResultsSS,NOJ,1,194,Two-step,72.95168688991328,7791.1705956999795,10,36,9.6
SS_seed1,ResultsSS,NOJ,1,195,Two-step,72.95168688991328,7829.2268624000135,10,36,9.6
SS_seed1,ResultsSS,NOJ,1,196,Two-step,72.95168688991328,7863.490599199955,10,36,9.6
SS_seed1,ResultsSS,NOJ,1,197,Two-step,72.95168688991328,7898.927075699961,10,36,9.6
SS_seed1,ResultsSS,NOJ,1,198,Two-step,72.95168688991328,7939.1517691999325,10,36,9.6
SS_seed1,ResultsSS,NOJ,1,199,Two-step,72.95168688991328,7983.440641299996,10,36,9.6
SS_seed1,ResultsSS,NOJ,1,200,Two-step,72.95168688991328,8033.0006553999265,10,36,9.6
SS_seed1,ResultsSS,NOJ,1,201,Two-step,72.95168688991328,8074.856138999981,10,36,9.6
SS_seed1,ResultsSS,NOJ,1,202,Two-step,72.95168688991328,8115.091044099943,10,36,9.6
SS_seed1,ResultsSS,NOJ,1,203,Two-step,72.95168688991328,8151.171567499929,10,36,9.6
SS_seed1,ResultsSS,NOJ,1,204,Two-step,72.95168688991328,8195.408470399969,10,36,9.6
SS_seed1,ResultsSS,NOJ,1,205,Two-step,72.95240979456925,8233.113674499968,10,36,9.6
SS_seed1,ResultsSS,NOJ,1,206,Two-step,72.95240979456925,8279.074531499937,10,36,9.6
SS_seed1,ResultsSS,NOJ,1,207,Two-step,72.95240979456925,8324.85178560001,10,36,9.6
SS_seed1,ResultsSS,NOJ,1,208,Two-step,72.95240979456925,8366.425298799935,10,36,9.6
SS_seed1,ResultsSS,NOJ,1,209,Two-step,72.95240979456925,8401.63192559994,10,36,9.6
SS_seed1,ResultsSS,NOJ,1,210,Two-step,72.95240979456925,8446.060225899972,10,36,9.6
SS_seed1,ResultsSS,NOJ,1,211,Two-step,72.95240979456925,8489.731566699978,10,36,9.6
SS_seed1,ResultsSS,NOJ,1,212,Two-step,72.95240979456925,8528.599972099939,10,36,9.6
SS_seed1,ResultsSS,NOJ,1,213,Two-step,72.95240979456925,8565.384689000028,10,36,9.6
SS_seed1,ResultsSS,NOJ,1,214,Two-step,72.95240979456925,8602.210384399921,10,36,9.6
SS_seed1,ResultsSS,NOJ,1,215,Two-step,72.95240979456925,8635.649043700018,10,36,9.6
SS_seed1,ResultsSS,NOJ,1,216,Two-step,72.95240979456925,8677.440905999916,10,36,9.6
SS_seed1,ResultsSS,NOJ,1,217,Two-step,72.95341083662922,8705.477146299963,10,36,9.6
SS_seed1,ResultsSS,NOJ,1,218,Two-step,72.95341083662922,8736.448993899918,10,36,9.6
SS_seed1,ResultsSS,NOJ,1,219,Two-step,72.95341083662922,8771.677900199953,10,36,9.6
SS_seed1,ResultsSS,NOJ,1,220,Two-step,72.95341083662922,8815.109527299937,10,36,9.6
SS_seed1,ResultsSS,NOJ,1,221,Two-step,72.95341083662922,8854.837328099937,10,36,9.6
SS_seed1,ResultsSS,NOJ,1,222,Two-step,72.95341083662922,8880.404742899991,10,36,9.6
SS_seed1,ResultsSS,NOJ,1,223,Two-step,72.9577069235779,8904.849426499975,10,36,9.6
SS_seed1,ResultsSS,NOJ,1,224,Two-step,72.9577069235779,8929.352817799954,10,36,9.6
SS_seed1,ResultsSS,NOJ,1,225,Two-step,72.96171066445217,8955.924672899942,10,36,9.6
SS_seed1,ResultsSS,NOJ,1,226,Two-step,72.96171066445217,8980.420005500026,10,36,9.6
SS_seed1,ResultsSS,NOJ,1,227,Two-step,72.96171066445217,9004.921189599962,10,36,9.6
SS_seed1,ResultsSS,NOJ,1,228,Two-step,72.96171066445217,9029.938708599948,10,36,9.6
SS_seed1,ResultsSS,NOJ,1,229,Two-step,72.9796211922006,9062.164629099949,10,36,9.6
SS_seed1,ResultsSS,NOJ,1,230,Two-step,72.9796211922006,9090.895934099972,10,36,9.6
SS_seed1,ResultsSS,NOJ,1,231,Two-step,72.98114663181411,9117.78677299997,10,36,9.6
SS_seed1,ResultsSS,NOJ,1,232,Two-step,72.98114663181411,9146.105549000029,10,36,9.6
SS_seed1,ResultsSS,NOJ,1,233,Two-step,72.98114663181411,9172.31259409996,10,36,9.6
SS_seed1,ResultsSS,NOJ,1,234,Two-step,72.98114663181411,9215.199191000022,10,36,9.6
SS_seed1,ResultsSS,NOJ,1,235,Two-step,72.98611690807229,9257.506615900027,10,36,9.6
SS_seed1,ResultsSS,NOJ,1,236,Two-step,72.98611690807229,9306.760180199926,10,36,9.6
SS_seed1,ResultsSS,NOJ,1,237,Two-step,72.98611690807229,9358.499768599926,10,36,9.6
SS_seed1,ResultsSS,NOJ,1,238,Two-step,72.98611690807229,9401.829730299942,10,36,9.6
SS_seed1,ResultsSS,NOJ,1,239,Two-step,72.98611690807229,9442.625249199977,10,36,9.6
SS_seed1,ResultsSS,NOJ,1,240,Two-step,72.98611690807229,9481.417274799955,10,36,9.6
SS_seed1,ResultsSS,NOJ,1,241,Two-step,72.98611690807229,9525.930002700014,10,36,9.6
SS_seed1,ResultsSS,NOJ,1,242,Two-step,72.98611690807229,9567.169272299914,10,36,9.6
SS_seed1,ResultsSS,NOJ,1,243,Two-step,72.98611690807229,9611.474649299926,10,36,9.6
SS_seed1,ResultsSS,NOJ,1,244,Two-step,72.98611690807229,9646.700568499917,10,36,9.6
SS_seed1,ResultsSS,NOJ,1,245,Two-step,72.98611690807229,9675.196820500016,10,36,9.6
SS_seed1,ResultsSS,NOJ,1,246,Two-step,72.98611690807229,9698.541027700005,10,36,9.6
SS_seed1,ResultsSS,NOJ,1,247,Two-step,72.98611690807229,9727.913353800017,10,36,9.6
SS_seed1,ResultsSS,NOJ,1,248,Two-step,72.98611690807229,9759.602213100006,10,36,9.6
SS_seed1,ResultsSS,NOJ,1,249,Two-step,72.98666737889559,9789.24846819992,10,36,9.6
SS_seed1,ResultsSS,NOJ,1,250,Two-step,72.98666737889559,9815.325988899975,10,36,9.6
SS_seed1,ResultsSS,NOJ,1,251,Two-step,72.98666737889559,9854.460129799962,10,36,9.6
SS_seed1,ResultsSS,NOJ,1,252,Two-step,72.98666737889559,9893.910603999917,10,36,9.6
SS_seed1,ResultsSS,NOJ,1,253,Two-step,72.98666737889559,9940.313015800028,10,36,9.6
SS_seed1,ResultsSS,NOJ,1,254,Two-step,72.98666737889559,9976.380699199915,10,36,9.6
SS_seed1,ResultsSS,NOJ,1,255,Two-step,72.98666737889559,10013.856288599956,10,36,9.6
SS_seed1,ResultsSS,NOJ,1,256,Two-step,72.98666737889559,10054.103750599956,10,36,9.6
SS_seed1,ResultsSS,NOJ,1,257,Two-step,72.98666737889559,10094.63329139998,10,36,9.6
SS_seed1,ResultsSS,NOJ,1,258,Two-step,72.98666737889559,10135.509715799999,10,36,9.6
SS_seed1,ResultsSS,NOJ,1,259,Two-step,72.98666737889559,10171.860479299969,10,36,9.6
SS_seed1,ResultsSS,NOJ,1,260,Two-step,72.98869181662079,10215.427294499998,10,36,9.6
SS_seed1,ResultsSS,NOJ,1,261,Two-step,72.98869181662079,10256.841746499937,10,36,9.6
SS_seed1,ResultsSS,NOJ,1,262,Two-step,72.98869181662079,10297.326355699974,10,36,9.6
SS_seed1,ResultsSS,NOJ,1,263,Two-step,72.98869181662079,10339.11410559999,10,36,9.6
SS_seed1,ResultsSS,NOJ,1,264,Two-step,72.98869181662079,10379.535596199974,10,36,9.6
SS_seed1,ResultsSS,NOJ,1,265,Two-step,72.99547746633607,10420.624595500005,10,36,9.6
SS_seed1,ResultsSS,NOJ,1,266,Two-step,72.99547746633607,10464.227460799913,10,36,9.6
SS_seed1,ResultsSS,NOJ,1,267,Two-step,72.99547746633607,10511.730382599926,10,36,9.6
SS_seed1,ResultsSS,NOJ,1,268,Two-step,72.99547746633607,10557.011682299955,10,36,9.6
SS_seed1,ResultsSS,NOJ,1,269,Two-step,72.99547746633607,10604.205196299998,10,36,9.6
SS_seed1,ResultsSS,NOJ,1,270,Two-step,72.99547746633607,10650.873006400012,10,36,9.6
SS_seed1,ResultsSS,NOJ,1,271,Two-step,72.99547746633607,10692.167257899942,10,36,9.6
SS_seed1,ResultsSS,NOJ,1,272,Two-step,72.99547746633607,10734.0572483,10,36,9.6
SS_seed1,ResultsSS,NOJ,1,273,Two-step,73.00193222254063,10774.57711439993,10,36,9.6
SS_seed1,ResultsSS,NOJ,1,274,Two-step,73.00193222254063,10816.6969561,10,36,9.6
SS_seed1,ResultsSS,NOJ,1,275,Two-step,73.00193222254063,10867.135688599956,10,36,9.6
SS_seed1,ResultsSS,NOJ,1,276,Two-step,73.00193222254063,10912.207323300012,10,36,9.6
SS_seed1,ResultsSS,NOJ,1,277,Two-step,73.00193222254063,10952.042318999942,10,36,9.6
SS_seed1,ResultsSS,NOJ,1,278,Two-step,73.00193222254063,10992.49701839994,10,36,9.6
SS_seed1,ResultsSS,NOJ,1,279,Two-step,73.00193222254063,11031.456277499965,10,36,9.6
SS_seed1,ResultsSS,NOJ,1,280,Two-step,73.01374563069542,11068.132800399966,10,36,9.6
SS_seed1,ResultsSS,NOJ,1,281,Two-step,73.01374563069542,11103.029800799966,10,36,9.6
SS_seed1,ResultsSS,NOJ,1,282,Two-step,73.01374563069542,11137.259752899932,10,36,9.6
SS_seed1,ResultsSS,NOJ,1,283,Two-step,73.01374563069542,11172.174082299985,10,36,9.6
SS_seed1,ResultsSS,NOJ,1,284,Two-step,73.01374563069542,11205.938008999976,10,36,9.6
SS_seed1,ResultsSS,NOJ,1,285,Two-step,73.01374563069542,11239.467606799968,10,36,9.6
SS_seed1,ResultsSS,NOJ,1,286,Two-step,73.01374563069542,11273.839738500013,10,36,9.6
SS_seed1,ResultsSS,NOJ,1,287,Two-step,73.01374563069542,11310.09927149996,10,36,9.6
SS_seed1,ResultsSS,NOJ,1,288,Two-step,73.01374563069542,11344.305206199933,10,36,9.6
SS_seed1,ResultsSS,NOJ,1,289,Two-step,73.01374563069542,11378.355972399993,10,36,9.6
SS_seed1,ResultsSS,NOJ,1,290,Two-step,73.01374563069542,11412.421340199944,10,36,9.6
SS_seed1,ResultsSS,NOJ,1,291,Two-step,73.01374563069542,11446.266863899946,10,36,9.6
SS_seed1,ResultsSS,NOJ,1,292,Two-step,73.01374563069542,11480.07635259995,10,36,9.6
SS_seed1,ResultsSS,NOJ,1,293,Two-step,73.01374563069542,11513.95559159998,10,36,9.6
SS_seed1,ResultsSS,NOJ,1,294,Two-step,73.01374563069542,11548.98746299994,10,36,9.6
SS_seed1,ResultsSS,NOJ,1,295,Two-step,73.01374563069542,11583.583881300001,10,36,9.6
SS_seed1,ResultsSS,NOJ,1,296,Two-step,73.01374563069542,11618.448170399934,10,36,9.6
SS_seed1,ResultsSS,NOJ,1,297,Two-step,73.01374563069542,11651.50519320002,10,36,9.6
SS_seed1,ResultsSS,NOJ,1,298,Two-step,73.01374563069542,11684.375085800013,10,36,9.6
SS_seed1,ResultsSS,NOJ,1,299,Two-step,73.01374563069542,11717.99946469994,10,36,9.6
SS_seed1,ResultsSS,NOJ,1,300,Two-step,73.01374563069542,11752.464808799967,10,36,9.6
SS_seed1,ResultsSS,NOJ,1,301,Two-step,73.01374563069542,11786.416188399948,10,36,9.6
SS_seed1,ResultsSS,NOJ,1,302,Two-step,73.01374563069542,11821.421738199948,10,36,9.6
SS_seed1,ResultsSS,NOJ,1,303,Two-step,73.01374563069542,11861.92141479993,10,36,9.6
SS_seed1,ResultsSS,NOJ,1,304,Two-step,73.01374563069542,11901.71461710002,10,36,9.6
SS_seed1,ResultsSS,NOJ,1,305,Two-step,73.01374563069542,11941.941169899947,10,36,9.6
SS_seed1,ResultsSS,NOJ,1,306,Two-step,73.01374563069542,11983.973239700019,10,36,9.6
SS_seed1,ResultsSS,NOJ,1,307,Two-step,73.01374563069542,12019.94401149993,10,36,9.6
SS_seed1,ResultsSS,NOJ,1,308,Two-step,73.01374563069542,12055.721502299944,10,36,9.6
SS_seed1,ResultsSS,NOJ,1,309,Two-step,73.01374563069542,12097.35939399997,10,36,9.6
SS_seed1,ResultsSS,NOJ,1,310,Two-step,73.01374563069542,12141.761995500012,10,36,9.6
SS_seed1,ResultsSS,NOJ,1,311,Two-step,73.01374563069542,12182.556536999939,10,36,9.6
SS_seed1,ResultsSS,NOJ,1,312,Two-step,73.01374563069542,12225.562535999983,10,36,9.6
SS_seed1,ResultsSS,NOJ,1,313,Two-step,73.01374563069542,12267.102075400006,10,36,9.6
SS_seed1,ResultsSS,NOJ,1,314,Two-step,73.01374563069542,12308.622956699983,10,36,9.6
SS_seed1,ResultsSS,NOJ,1,315,Two-step,73.01374563069542,12351.19918019994,10,36,9.6
SS_seed1,ResultsSS,NOJ,1,316,Two-step,73.01374563069542,12393.351344200026,10,36,9.6
SS_seed1,ResultsSS,NOJ,1,317,Two-step,73.01374563069542,12437.330570099934,10,36,9.6
SS_seed1,ResultsSS,NOJ,1,318,Two-step,73.01374563069542,12478.197142700024,10,36,9.6
SS_seed1,ResultsSS,NOJ,1,319,Two-step,73.01374563069542,12520.509292399918,10,36,9.6
SS_seed1,ResultsSS,NOJ,1,320,Two-step,73.01374563069542,12576.173768199922,10,36,9.6
SS_seed1,ResultsSS,NOJ,1,321,Two-step,73.01374563069542,12621.621537900006,10,36,9.6
SS_seed1,ResultsSS,NOJ,1,322,Two-step,73.01374563069542,12668.603792499925,10,36,9.6
SS_seed1,ResultsSS,NOJ,1,323,Two-step,73.01374563069542,12716.196011400025,10,36,9.6
SS_seed1,ResultsSS,NOJ,1,324,Two-step,73.01374563069542,12761.249545599974,10,36,9.6
SS_seed1,ResultsSS,NOJ,1,325,Two-step,73.01432740525857,12807.8320924,10,36,9.6
SS_seed1,ResultsSS,NOJ,1,326,Two-step,73.01432740525857,12855.202327699924,10,36,9.6
SS_seed1,ResultsSS,NOJ,1,327,Two-step,73.01432740525857,12901.481540000008,10,36,9.6
SS_seed1,ResultsSS,NOJ,1,328,Two-step,73.01432740525857,12948.29135689995,10,36,9.6
SS_seed1,ResultsSS,NOJ,1,329,Two-step,73.01432740525857,12994.949504199962,10,36,9.6
SS_seed1,ResultsSS,NOJ,1,330,Two-step,73.01432740525857,13040.70768069994,10,36,9.6
SS_seed1,ResultsSS,NOJ,1,331,Two-step,73.01432740525857,13086.471645099984,10,36,9.6
SS_seed1,ResultsSS,NOJ,1,332,Two-step,73.01432740525857,13134.165416000003,10,36,9.6
SS_seed1,ResultsSS,NOJ,1,333,Two-step,73.01432740525857,13178.990905299957,10,36,9.6
SS_seed1,ResultsSS,NOJ,1,334,Two-step,73.01432740525857,13224.419394100027,10,36,9.6
SS_seed1,ResultsSS,NOJ,1,335,Two-step,73.01432740525857,13270.608117599913,10,36,9.6
SS_seed1,ResultsSS,NOJ,1,336,Two-step,73.01432740525857,13318.601740000013,10,36,9.6
SS_seed1,ResultsSS,NOJ,1,337,Two-step,73.01432740525857,13364.594640899973,10,36,9.6
SS_seed1,ResultsSS,NOJ,1,338,Two-step,73.01432740525857,13411.21766159992,10,36,9.6
SS_seed1,ResultsSS,NOJ,1,339,Two-step,73.02620232714114,13458.886100399948,10,36,9.6
SS_seed1,ResultsSS,NOJ,1,340,Two-step,73.02620232714114,13505.52182939992,10,36,9.6
SS_seed1,ResultsSS,NOJ,1,341,Two-step,73.02620232714114,13553.24078729999,10,36,9.6
SS_seed1,ResultsSS,NOJ,1,342,Two-step,73.02620232714114,13600.64894839999,10,36,9.6
SS_seed1,ResultsSS,NOJ,1,343,Two-step,73.02620232714114,13646.922450200014,10,36,9.6
SS_seed1,ResultsSS,NOJ,1,344,Two-step,73.02620232714114,13692.618386899994,10,36,9.6
SS_seed1,ResultsSS,NOJ,1,345,Two-step,73.03003584816832,13739.972114999953,10,36,9.6
SS_seed1,ResultsSS,NOJ,1,346,Two-step,73.03003584816832,13785.950554299925,10,36,9.6
SS_seed1,ResultsSS,NOJ,1,347,Two-step,73.03003584816832,13831.540095500008,10,36,9.6
SS_seed1,ResultsSS,NOJ,1,348,Two-step,73.03003584816832,13878.556999999972,10,36,9.6
SS_seed1,ResultsSS,NOJ,1,349,Two-step,73.03003584816832,13925.402285500022,10,36,9.6
SS_seed1,ResultsSS,NOJ,1,350,Two-step,73.03003584816832,13971.543150099984,10,36,9.6
SS_seed1,ResultsSS,NOJ,1,351,Two-step,73.03003584816832,14018.067118099949,10,36,9.6
SS_seed1,ResultsSS,NOJ,1,352,Two-step,73.03003584816832,14056.522918099945,10,36,9.6
SS_seed1,ResultsSS,NOJ,1,353,Two-step,73.03003584816832,14094.50608999998,10,36,9.6
SS_seed1,ResultsSS,NOJ,1,354,Two-step,73.03003584816832,14131.895276199968,10,36,9.6
SS_seed1,ResultsSS,NOJ,1,355,Two-step,73.03003584816832,14169.950174499943,10,36,9.6
SS_seed1,ResultsSS,NOJ,1,356,Two-step,73.03003584816832,14207.676904199936,10,36,9.6
SS_seed1,ResultsSS,NOJ,1,357,Two-step,73.03003584816832,14245.370694799989,10,36,9.6
SS_seed1,ResultsSS,NOJ,1,358,Two-step,73.04011894687494,14284.653425899975,10,36,9.6
SS_seed1,ResultsSS,NOJ,1,359,Two-step,73.04011894687494,14324.158607699967,10,36,9.6
SS_seed1,ResultsSS,NOJ,1,360,Two-step,73.04011894687494,14361.473920499964,10,36,9.6
SS_seed1,ResultsSS,NOJ,1,361,Two-step,73.04011894687494,14399.12488409999,10,36,9.6
SS_seed1,ResultsSS,NOJ,1,362,Two-step,73.04011894687494,14436.740904199949,10,36,9.6
SS_seed1,ResultsSS,NOJ,1,363,Two-step,73.04011894687494,14474.305886699993,10,36,9.6
SS_seed1,ResultsSS,NOJ,1,364,Two-step,73.04011894687494,14512.871567099995,10,36,9.6
SS_seed1,ResultsSS,NOJ,1,365,Two-step,73.04011894687494,14551.002017699939,10,36,9.6
SS_seed1,ResultsSS,NOJ,1,366,Two-step,73.04011894687494,14589.699118799937,10,36,9.6
SS_seed1,ResultsSS,NOJ,1,367,Two-step,73.04011894687494,14628.570310599927,10,36,9.6
SS_seed1,ResultsSS,NOJ,1,368,Two-step,73.04011894687494,14674.884131399973,10,36,9.6
SS_seed1,ResultsSS,NOJ,1,369,Two-step,73.04011894687494,14720.870730100025,10,36,9.6
SS_seed1,ResultsSS,NOJ,1,370,Two-step,73.04011894687494,14762.690078100015,10,36,9.6
SS_seed1,ResultsSS,NOJ,1,371,Two-step,73.04011894687494,14803.737722799939,10,36,9.6
SS_seed1,ResultsSS,NOJ,1,372,Two-step,73.04011894687494,14846.641025799967,10,36,9.6
SS_seed1,ResultsSS,NOJ,1,373,Two-step,73.04011894687494,14886.745265299978,10,36,9.6
SS_seed1,ResultsSS,NOJ,1,374,Two-step,73.04011894687494,14930.363959699927,10,36,9.6
SS_seed1,ResultsSS,NOJ,1,375,Two-step,73.04011894687494,14971.301103900012,10,36,9.6
SS_seed1,ResultsSS,NOJ,1,376,Two-step,73.04525962846094,15006.801818999986,10,36,9.6
SS_seed1,ResultsSS,NOJ,1,377,Two-step,73.04525962846094,15047.330765300023,10,36,9.6
SS_seed1,ResultsSS,NOJ,1,378,Two-step,73.04525962846094,15083.275411399954,10,36,9.6
SS_seed1,ResultsSS,NOJ,1,379,Two-step,73.04525962846094,15113.406756199955,10,36,9.6
SS_seed1,ResultsSS,NOJ,1,380,Two-step,73.04525962846094,15141.694598499977,10,36,9.6
SS_seed1,ResultsSS,NOJ,1,381,Two-step,73.04525962846094,15170.404961300024,10,36,9.6
SS_seed1,ResultsSS,NOJ,1,382,Two-step,73.04525962846094,15215.957458999997,10,36,9.6
SS_seed1,ResultsSS,NOJ,1,383,Two-step,73.04525962846094,15285.148830900027,10,36,9.6
SS_seed1,ResultsSS,NOJ,1,384,Two-step,73.04525962846094,15350.423764600011,10,36,9.6
SS_seed1,ResultsSS,NOJ,1,385,Two-step,73.04525962846094,15406.68013990001,10,36,9.6
SS_seed1,ResultsSS,NOJ,1,386,Two-step,73.04525962846094,15462.81545960001,10,36,9.6
SS_seed1,ResultsSS,NOJ,1,387,Two-step,73.04525962846094,15508.57723529992,10,36,9.6
SS_seed1,ResultsSS,NOJ,1,388,Two-step,73.04525962846094,15539.602630899928,10,36,9.6
SS_seed1,ResultsSS,NOJ,1,389,Two-step,73.04525962846094,15572.018188800022,10,36,9.6
SS_seed1,ResultsSS,NOJ,1,390,Two-step,73.04525962846094,15609.945702700003,10,36,9.6
SS_seed1,ResultsSS,NOJ,1,391,Two-step,73.05421291539957,15663.841512500017,10,36,9.6
SS_seed1,ResultsSS,NOJ,1,392,Two-step,73.05421291539957,15727.296288600017,10,36,9.6
SS_seed1,ResultsSS,NOJ,1,393,Two-step,73.05421291539957,15770.323123399925,10,36,9.6
SS_seed1,ResultsSS,NOJ,1,394,Two-step,73.05421291539957,15813.303265099938,10,36,9.6
SS_seed1,ResultsSS,NOJ,1,395,Two-step,73.05421291539957,15856.114817199938,10,36,9.6
SS_seed1,ResultsSS,NOJ,1,396,Two-step,73.05421291539957,15893.44309669995,10,36,9.6
SS_seed1,ResultsSS,NOJ,1,397,Two-step,73.05421291539957,15928.53390739992,10,36,9.6
SS_seed1,ResultsSS,NOJ,1,398,Two-step,73.05421291539957,15963.150276399974,10,36,9.6
SS_seed1,ResultsSS,NOJ,1,399,Two-step,73.05421291539957,15996.427055799926,10,36,9.6
SS_seed1,ResultsSS,NOJ,1,400,Two-step,73.05421291539957,16029.74182559998,10,36,9.6
SS_seed1,ResultsSS,NOJ,1,401,Two-step,73.05421291539957,16067.042006300006,10,36,9.6
SS_seed1,ResultsSS,NOJ,1,402,Two-step,73.05421291539957,16106.877687499917,10,36,9.6
SS_seed1,ResultsSS,NOJ,1,403,Two-step,73.05421291539957,16144.455458800017,10,36,9.6
SS_seed1,ResultsSS,NOJ,1,404,Two-step,73.05421291539957,16178.627035199956,10,36,9.6
SS_seed1,ResultsSS,NOJ,1,405,Two-step,73.05870869032823,16220.548064399918,10,36,9.6
SS_seed1,ResultsSS,NOJ,1,406,Two-step,73.05870869032823,16263.0930849,10,36,9.6
SS_seed1,ResultsSS,NOJ,1,407,Two-step,73.05870869032823,16301.722782899917,10,36,9.6
SS_seed1,ResultsSS,NOJ,1,408,Two-step,73.05870869032823,16337.576871599944,10,36,9.6
SS_seed1,ResultsSS,NOJ,1,409,Two-step,73.05870869032823,16373.463301500014,10,36,9.6
SS_seed1,ResultsSS,NOJ,1,410,Two-step,73.05870869032823,16409.865651400003,10,36,9.6
SS_seed1,ResultsSS,NOJ,1,411,Two-step,73.05870869032823,16447.284419499978,10,36,9.6
SS_seed1,ResultsSS,NOJ,1,412,Two-step,73.05870869032823,16483.925554800022,10,36,9.6
SS_seed1,ResultsSS,NOJ,1,413,Two-step,73.05870869032823,16520.546004299948,10,36,9.6
SS_seed1,ResultsSS,NOJ,1,414,Two-step,73.05870869032823,16556.729025399953,10,36,9.6
SS_seed1,ResultsSS,NOJ,1,415,Two-step,73.05870869032823,16594.63166679995,10,36,9.6
SS_seed1,ResultsSS,NOJ,1,416,Two-step,73.05870869032823,16631.190176099946,10,36,9.6
SS_seed1,ResultsSS,NOJ,1,417,Two-step,73.06569703702101,16665.9505181,10,36,9.6
SS_seed1,ResultsSS,NOJ,1,418,Two-step,73.06569703702101,16702.644765899924,10,36,9.6
SS_seed1,ResultsSS,NOJ,1,419,Two-step,73.06569703702101,16738.36739500001,10,36,9.6
SS_seed1,ResultsSS,NOJ,1,420,Two-step,73.06569703702101,16773.155159000016,10,36,9.6
SS_seed1,ResultsSS,NOJ,1,421,Two-step,73.06569703702101,16808.72346269997,10,36,9.6
SS_seed1,ResultsSS,NOJ,1,422,Two-step,73.06569703702101,16844.615641499928,10,36,9.6
SS_seed1,ResultsSS,NOJ,1,423,Two-step,73.06569703702101,16879.51819459995,10,36,9.6
SS_seed1,ResultsSS,NOJ,1,424,Two-step,73.07133065060835,16914.545313199924,10,36,9.6
SS_seed1,ResultsSS,NOJ,1,425,Two-step,73.07133065060835,16949.2452988,10,36,9.6
SS_seed1,ResultsSS,NOJ,1,426,Two-step,73.07133065060835,16984.46921249997,10,36,9.6
SS_seed1,ResultsSS,NOJ,1,427,Two-step,73.07133065060835,17019.788830999925,10,36,9.6
SS_seed1,ResultsSS,NOJ,1,428,Two-step,73.07133065060835,17054.487009099976,10,36,9.6
SS_seed1,ResultsSS,NOJ,1,429,Two-step,73.07133065060835,17090.24836789997,10,36,9.6
SS_seed1,ResultsSS,NOJ,1,430,Two-step,73.07133065060835,17124.946791100025,10,36,9.6
SS_seed1,ResultsSS,NOJ,1,431,Two-step,73.07133065060835,17160.339200799994,10,36,9.6
SS_seed1,ResultsSS,NOJ,1,432,Two-step,73.07133065060835,17195.667397199955,10,36,9.6
SS_seed1,ResultsSS,NOJ,1,433,Two-step,73.07133065060835,17230.55058859993,10,36,9.6
SS_seed1,ResultsSS,NOJ,1,434,Two-step,73.07133065060835,17265.427789599926,10,36,9.6
SS_seed1,ResultsSS,NOJ,1,435,Two-step,73.07133065060835,17300.003618800023,10,36,9.6
SS_seed1,ResultsSS,NOJ,1,436,Two-step,73.07133065060835,17335.618611999962,10,36,9.6
SS_seed1,ResultsSS,NOJ,1,437,Two-step,73.07133065060835,17370.580157199933,10,36,9.6
SS_seed1,ResultsSS,NOJ,1,438,Two-step,73.07133065060835,17406.524257100013,10,36,9.6
SS_seed1,ResultsSS,NOJ,1,439,Two-step,73.07133065060835,17442.274775700003,10,36,9.6
SS_seed1,ResultsSS,NOJ,1,440,Two-step,73.07133065060835,17477.79262589995,10,36,9.6
SS_seed1,ResultsSS,NOJ,1,441,Two-step,73.07133065060835,17512.766745699977,10,36,9.6
SS_seed1,ResultsSS,NOJ,1,442,Two-step,73.07133065060835,17548.90920549998,10,36,9.6
SS_seed1,ResultsSS,NOJ,1,443,Two-step,73.07133065060835,17583.942009199935,10,36,9.6
SS_seed1,ResultsSS,NOJ,1,444,Two-step,73.07133065060835,17620.23233770003,10,36,9.6
SS_seed1,ResultsSS,NOJ,1,445,Two-step,73.07133065060835,17655.464511799917,10,36,9.6
SS_seed1,ResultsSS,NOJ,1,446,Two-step,73.07133065060835,17690.285742399923,10,36,9.6
SS_seed1,ResultsSS,NOJ,1,447,Two-step,73.07133065060835,17726.05100679997,10,36,9.6
SS_seed1,ResultsSS,NOJ,1,448,Two-step,73.07133065060835,17761.80569519993,10,36,9.6
SS_seed1,ResultsSS,NOJ,1,449,Two-step,73.07133065060835,17797.143375999935,10,36,9.6
SS_seed1,ResultsSS,NOJ,1,450,Two-step,73.07133065060835,17832.418788699957,10,36,9.6
SS_seed1,ResultsSS,NOJ,1,451,Two-step,73.07133065060835,17868.196754899982,10,36,9.6
SS_seed1,ResultsSS,NOJ,1,452,Two-step,73.07133065060835,17904.385721999977,10,36,9.6
SS_seed1,ResultsSS,NOJ,1,453,Two-step,73.07133065060835,17940.473470999917,10,36,9.6
SS_seed1,ResultsSS,NOJ,1,454,Two-step,73.07133065060835,17975.594942699943,10,36,9.6
SS_seed1,ResultsSS,NOJ,1,455,Two-step,73.07133065060835,18011.70869529998,10,36,9.6
SS_seed1,ResultsSS,NOJ,1,456,Two-step,73.07133065060835,18047.012514200003,10,36,9.6
SS_seed1,ResultsSS,NOJ,1,457,Two-step,73.07133065060835,18082.67345880001,10,36,9.6
SS_seed1,ResultsSS,NOJ,1,458,Two-step,73.07133065060835,18118.05554999999,10,36,9.6
SS_seed1,ResultsSS,NOJ,1,459,Two-step,73.07133065060835,18153.655340800004,10,36,9.6
SS_seed1,ResultsSS,NOJ,1,460,Two-step,73.07133065060835,18190.145148099924,10,36,9.6
SS_seed1,ResultsSS,NOJ,1,461,Two-step,73.07133065060835,18225.954786100017,10,36,9.6
SS_seed1,ResultsSS,NOJ,1,462,Two-step,73.07133065060835,18261.617228600022,10,36,9.6
SS_seed1,ResultsSS,NOJ,1,463,Two-step,73.07133065060835,18298.996329799935,10,36,9.6
SS_seed1,ResultsSS,NOJ,1,464,Two-step,73.07133065060835,18336.13151149993,10,36,9.6
SS_seed1,ResultsSS,NOJ,1,465,Two-step,73.07133065060835,18371.88427739992,10,36,9.6
SS_seed1,ResultsSS,NOJ,1,466,Two-step,73.07133065060835,18407.238025399914,10,36,9.6
SS_seed1,ResultsSS,NOJ,1,467,Two-step,73.07133065060835,18443.053078799916,10,36,9.6
SS_seed1,ResultsSS,NOJ,1,468,Two-step,73.07133065060835,18479.31480360002,10,36,9.6
SS_seed1,ResultsSS,NOJ,1,469,Two-step,73.07133065060835,18541.422869399947,10,36,9.6
SS_seed1,ResultsSS,NOJ,1,470,Two-step,73.07133065060835,18599.970580200024,10,36,9.6
SS_seed1,ResultsSS,NOJ,1,471,Two-step,73.07133065060835,18659.90204649995,10,36,9.6
SS_seed1,ResultsSS,NOJ,1,472,Two-step,73.07133065060835,18717.727026499982,10,36,9.6
SS_seed1,ResultsSS,NOJ,1,473,Two-step,73.10153145682978,18776.44534949999,10,36,9.6
SS_seed1,ResultsSS,NOJ,1,474,Two-step,73.10153145682978,18839.86466179992,10,36,9.6
SS_seed1,ResultsSS,NOJ,1,475,Two-step,73.10153145682978,18900.562315499934,10,36,9.6
SS_seed1,ResultsSS,NOJ,1,476,Two-step,73.10153145682978,18962.80839359999,10,36,9.6
SS_seed1,ResultsSS,NOJ,1,477,Two-step,73.10153145682978,19023.54465909995,10,36,9.6
SS_seed1,ResultsSS,NOJ,1,478,Two-step,73.10153145682978,19080.16495930002,10,36,9.6
SS_seed1,ResultsSS,NOJ,1,479,Two-step,73.10153145682978,19140.70603209996,10,36,9.6
SS_seed1,ResultsSS,NOJ,1,480,Two-step,73.10153145682978,19201.430836799962,10,36,9.6
SS_seed1,ResultsSS,NOJ,1,481,Two-step,73.10153145682978,19261.41369779996,10,36,9.6
SS_seed1,ResultsSS,NOJ,1,482,Two-step,73.10153145682978,19320.966140899982,10,36,9.6
SS_seed1,ResultsSS,NOJ,1,483,Two-step,73.10153145682978,19384.96163039998,10,36,9.6
SS_seed1,ResultsSS,NOJ,1,484,Two-step,73.10153145682978,19444.78270599997,10,36,9.6
SS_seed1,ResultsSS,NOJ,1,485,Two-step,73.10153145682978,19502.614000800007,10,36,9.6
SS_seed1,ResultsSS,NOJ,1,486,Two-step,73.10577774785523,19561.370123499946,10,36,9.6
SS_seed1,ResultsSS,NOJ,1,487,Two-step,73.10577774785523,19620.338675999956,10,36,9.6
SS_seed1,ResultsSS,NOJ,1,488,Two-step,73.10577774785523,19679.14156119997,10,36,9.6
SS_seed1,ResultsSS,NOJ,1,489,Two-step,73.1078705659214,19743.81363779999,10,36,9.6
SS_seed1,ResultsSS,NOJ,1,490,Two-step,73.1078705659214,19801.58778699994,10,36,9.6
SS_seed1,ResultsSS,NOJ,1,491,Two-step,73.1078705659214,19859.85488009994,10,36,9.6
SS_seed1,ResultsSS,NOJ,1,492,Two-step,73.1078705659214,19918.42593279999,10,36,9.6
SS_seed1,ResultsSS,NOJ,1,493,Two-step,73.1078705659214,19977.817218300013,10,36,9.6
SS_seed1,ResultsSS,NOJ,1,494,Two-step,73.1078705659214,20037.944158500002,10,36,9.6
SS_seed1,ResultsSS,NOJ,1,495,Two-step,73.1078705659214,20097.15778409998,10,36,9.6
SS_seed1,ResultsSS,NOJ,1,496,Two-step,73.1078705659214,20157.837635099946,10,36,9.6
SS_seed1,ResultsSS,NOJ,1,497,Two-step,73.1078705659214,20216.077119299967,10,36,9.6
SS_seed1,ResultsSS,NOJ,1,498,Two-step,73.1078705659214,20276.85246669996,10,36,9.6
SS_seed1,ResultsSS,NOJ,1,499,Two-step,73.1078705659214,20339.474402300024,10,36,9.6
SS_seed1,ResultsSS,NOJ,1,500,Two-step,73.1078705659214,20398.58745719999,10,36,9.6
SS_seed1,ResultsSS,NOJ,1,501,Two-step,73.1078705659214,20459.54722509993,10,36,9.6
SS_seed1,ResultsSS,NOJ,1,502,Two-step,73.1078705659214,20520.255842999963,10,36,9.6
SS_seed1,ResultsSS,NOJ,1,503,Two-step,73.1078705659214,20585.239048000018,10,36,9.6
SS_seed1,ResultsSS,NOJ,1,504,Two-step,73.1078705659214,20675.419700499915,10,36,9.6
SS_seed1,ResultsSS,NOJ,1,505,Two-step,73.1078705659214,20740.551460499933,10,36,9.6
SS_seed1,ResultsSS,NOJ,1,506,Two-step,73.10867455617128,20807.16576569999,10,36,9.6
SS_seed1,ResultsSS,NOJ,1,507,Two-step,73.10867455617128,20871.53435319994,10,36,9.6
SS_seed1,ResultsSS,NOJ,1,508,Two-step,73.10867455617128,20935.17995119997,10,36,9.6
SS_seed1,ResultsSS,NOJ,1,509,Two-step,73.10867455617128,20996.553976099996,10,36,9.6
SS_seed1,ResultsSS,NOJ,1,510,Two-step,73.10867455617128,21057.012264199962,10,36,9.6
SS_seed1,ResultsSS,NOJ,1,511,Two-step,73.10867455617128,21114.52775249997,10,36,9.6
SS_seed1,ResultsSS,NOJ,1,512,Two-step,73.10867455617128,21157.878889299987,10,36,9.6
SS_seed1,ResultsSS,NOJ,1,513,Two-step,73.10867455617128,21197.581195799925,10,36,9.6
SS_seed1,ResultsSS,NOJ,1,514,Two-step,73.10867455617128,21237.34756580001,10,36,9.6
SS_seed1,ResultsSS,NOJ,1,515,Two-step,73.10867455617128,21275.696564199927,10,36,9.6
SS_seed1,ResultsSS,NOJ,1,516,Two-step,73.10867455617128,21314.442806599953,10,36,9.6
SS_seed1,ResultsSS,NOJ,1,517,Two-step,73.10867455617128,21352.836163099913,10,36,9.6
SS_seed1,ResultsSS,NOJ,1,518,Two-step,73.10867455617128,21391.744099999953,10,36,9.6
SS_seed1,ResultsSS,NOJ,1,519,Two-step,73.10867455617128,21430.61712459993,10,36,9.6
SS_seed1,ResultsSS,NOJ,1,520,Two-step,73.10867455617128,21470.15386989998,10,36,9.6
SS_seed1,ResultsSS,NOJ,1,521,Two-step,73.10867455617128,21509.1938373,10,36,9.6
SS_seed1,ResultsSS,NOJ,1,522,Two-step,73.10867455617128,21548.618659699976,10,36,9.6
SS_seed1,ResultsSS,NOJ,1,523,Two-step,73.10867455617128,21588.071252099995,10,36,9.6
SS_seed1,ResultsSS,NOJ,1,524,Two-step,73.10867455617128,21629.432777299953,10,36,9.6
SS_seed1,ResultsSS,NOJ,1,525,Two-step,73.10867455617128,21668.199708400003,10,36,9.6
SS_seed1,ResultsSS,NOJ,1,526,Two-step,73.10867455617128,21705.989986499946,10,36,9.6
SS_seed1,ResultsSS,NOJ,1,527,Two-step,73.10867455617128,21744.60265419999,10,36,9.6
SS_seed1,ResultsSS,NOJ,1,528,Two-step,73.10867455617128,21783.244198400003,10,36,9.6
SS_seed1,ResultsSS,NOJ,1,529,Two-step,73.10867455617128,21823.044186999963,10,36,9.6
SS_seed1,ResultsSS,NOJ,1,530,Two-step,73.10867455617128,21861.592332099972,10,36,9.6
SS_seed1,ResultsSS,NOJ,1,531,Two-step,73.10867455617128,21905.236863399914,10,36,9.6
SS_seed1,ResultsSS,NOJ,1,532,Two-step,73.10867455617128,21945.16309759993,10,36,9.6
SS_seed1,ResultsSS,NOJ,1,533,Two-step,73.10867455617128,21984.101254299923,10,36,9.6
SS_seed1,ResultsSS,NOJ,1,534,Two-step,73.10867455617128,22022.102108600026,10,36,9.6
SS_seed1,ResultsSS,NOJ,1,535,Two-step,73.10867455617128,22048.970899800013,10,36,9.6
SS_seed1,ResultsSS,NOJ,1,536,Two-step,73.10867455617128,22078.304266599996,10,36,9.6
SS_seed1,ResultsSS,NOJ,1,537,Two-step,73.10867455617128,22103.504035699938,10,36,9.6
SS_seed1,ResultsSS,NOJ,1,538,Two-step,73.10867455617128,22131.455324399925,10,36,9.6
SS_seed1,ResultsSS,NOJ,1,539,Two-step,73.10867455617128,22157.24678560003,10,36,9.6
SS_seed1,ResultsSS,NOJ,1,540,Two-step,73.10867455617128,22182.50216610002,10,36,9.6
SS_seed1,ResultsSS,NOJ,1,541,Two-step,73.10867455617128,22208.612163599988,10,36,9.6
SS_seed1,ResultsSS,NOJ,1,542,Two-step,73.10867455617128,22232.80556529999,10,36,9.6
SS_seed1,ResultsSS,NOJ,1,543,Two-step,73.10867455617128,22257.961408199917,10,36,9.6
SS_seed1,ResultsSS,NOJ,1,544,Two-step,73.10867455617128,22282.081460799964,10,36,9.6
SS_seed1,ResultsSS,NOJ,1,545,Two-step,73.10867455617128,22307.158918800007,10,36,9.6
SS_seed1,ResultsSS,NOJ,1,546,Two-step,73.10867455617128,22332.02943169995,10,36,9.6
SS_seed1,ResultsSS,NOJ,1,547,Two-step,73.10867455617128,22356.83129229996,10,36,9.6
SS_seed1,ResultsSS,NOJ,1,548,Two-step,73.10867455617128,22381.60755269992,10,36,9.6
SS_seed1,ResultsSS,NOJ,1,549,Two-step,73.10867455617128,22405.51861249999,10,36,9.6
SS_seed1,ResultsSS,NOJ,1,550,Two-step,73.10867455617128,22432.426619099977,10,36,9.6
SS_seed1,ResultsSS,NOJ,1,551,Two-step,73.10867455617128,22457.986936900008,10,36,9.6
SS_seed1,ResultsSS,NOJ,1,552,Two-step,73.10867455617128,22483.395148399926,10,36,9.6
SS_seed1,ResultsSS,NOJ,1,553,Two-step,73.10867455617128,22509.817812399997,10,36,9.6
SS_seed1,ResultsSS,NOJ,1,554,Two-step,73.10867455617128,22536.83789399994,10,36,9.6
SS_seed1,ResultsSS,NOJ,1,555,Two-step,73.10867455617128,22563.39691489999,10,36,9.6
SS_seed1,ResultsSS,NOJ,1,556,Two-step,73.10867455617128,22589.186416399956,10,36,9.6
SS_seed1,ResultsSS,NOJ,1,557,Two-step,73.10867455617128,22614.770617200003,10,36,9.6
SS_seed1,ResultsSS,NOJ,1,558,Two-step,73.10867455617128,22640.45714569994,10,36,9.6
SS_seed1,ResultsSS,NOJ,1,559,Two-step,73.10867455617128,22665.40554919996,10,36,9.6
SS_seed1,ResultsSS,NOJ,1,560,Two-step,73.10867455617128,22691.775558400026,10,36,9.6
SS_seed1,ResultsSS,NOJ,1,561,Two-step,73.10867455617128,22719.21241560002,10,36,9.6
SS_seed1,ResultsSS,NOJ,1,562,Two-step,73.10867455617128,22744.843488199927,10,36,9.6
SS_seed1,ResultsSS,NOJ,1,563,Two-step,73.10867455617128,22770.89654689998,10,36,9.6
SS_seed1,ResultsSS,NOJ,1,564,Two-step,73.10867455617128,22796.132387199963,10,36,9.6
SS_seed1,ResultsSS,NOJ,1,565,Two-step,73.10867455617128,22821.84678760002,10,36,9.6
SS_seed1,ResultsSS,NOJ,1,566,Two-step,73.10867455617128,22848.432463100005,10,36,9.6
SS_seed1,ResultsSS,NOJ,1,567,Two-step,73.10867455617128,22873.653867799963,10,36,9.6
SS_seed1,ResultsSS,NOJ,1,568,Two-step,73.10867455617128,22899.17143809999,10,36,9.6
SS_seed1,ResultsSS,NOJ,1,569,Two-step,73.10867455617128,22925.039486000023,10,36,9.6
SS_seed1,ResultsSS,NOJ,1,570,Two-step,73.10867455617128,22950.662555699993,10,36,9.6
SS_seed1,ResultsSS,NOJ,1,571,Two-step,73.10867455617128,22977.613135099935,10,36,9.6
SS_seed1,ResultsSS,NOJ,1,572,Two-step,73.10867455617128,23002.938134099997,10,36,9.6
SS_seed1,ResultsSS,NOJ,1,573,Two-step,73.10867455617128,23028.26233310002,10,36,9.6
SS_seed1,ResultsSS,NOJ,1,574,Two-step,73.10867455617128,23054.861141900008,10,36,9.6
SS_seed1,ResultsSS,NOJ,1,575,Two-step,73.10867455617128,23080.18770399998,10,36,9.6
SS_seed1,ResultsSS,NOJ,1,576,Two-step,73.10867455617128,23106.725876299955,10,36,9.6
SS_seed1,ResultsSS,NOJ,1,577,Two-step,73.10867455617128,23134.168529599963,10,36,9.6
SS_seed1,ResultsSS,NOJ,1,578,Two-step,73.10867455617128,23161.630738799984,10,36,9.6
SS_seed1,ResultsSS,NOJ,1,579,Two-step,73.10867455617128,23187.15470959997,10,36,9.6
SS_seed1,ResultsSS,NOJ,1,580,Two-step,73.10867455617128,23212.212786399934,10,36,9.6
SS_seed1,ResultsSS,NOJ,1,581,Two-step,73.10867455617128,23237.340708899952,10,36,9.6
SS_seed1,ResultsSS,NOJ,1,582,Two-step,73.10867455617128,23263.12567489996,10,36,9.6
SS_seed1,ResultsSS,NOJ,1,583,Two-step,73.10867455617128,23288.100954099966,10,36,9.6
SS_seed1,ResultsSS,NOJ,1,584,Two-step,73.10867455617128,23314.90131539997,10,36,9.6
SS_seed1,ResultsSS,NOJ,1,585,Two-step,73.10867455617128,23339.932889999996,10,36,9.6
SS_seed1,ResultsSS,NOJ,1,586,Two-step,73.10867455617128,23365.02941269992,10,36,9.6
SS_seed1,ResultsSS,NOJ,1,587,Two-step,73.10867455617128,23391.371486699965,10,36,9.6
SS_seed1,ResultsSS,NOJ,1,588,Two-step,73.10867455617128,23416.384083399957,10,36,9.6
SS_seed1,ResultsSS,NOJ,1,589,Two-step,73.10867455617128,23443.05226879992,10,36,9.6
SS_seed1,ResultsSS,NOJ,1,590,Two-step,73.10867455617128,23469.42727439996,10,36,9.6
SS_seed1,ResultsSS,NOJ,1,591,Two-step,73.10867455617128,23494.814300599915,10,36,9.6
SS_seed1,ResultsSS,NOJ,1,592,Two-step,73.10867455617128,23520.132005299965,10,36,9.6
SS_seed1,ResultsSS,NOJ,1,593,Two-step,73.10867455617128,23544.647412099934,10,36,9.6
SS_seed1,ResultsSS,NOJ,1,594,Two-step,73.10867455617128,23570.64836079994,10,36,9.6
SS_seed1,ResultsSS,NOJ,1,595,Two-step,73.10867455617128,23596.22727490001,10,36,9.6
SS_seed1,ResultsSS,NOJ,1,596,Two-step,73.10867455617128,23621.44779539999,10,36,9.6
SS_seed1,ResultsSS,NOJ,1,597,Two-step,73.10867455617128,23647.40818869992,10,36,9.6
SS_seed1,ResultsSS,NOJ,1,598,Two-step,73.10867455617128,23672.53452529997,10,36,9.6
SS_seed1,ResultsSS,NOJ,1,599,Two-step,73.10867455617128,23698.5689138,10,36,9.6
SS_seed1,ResultsSS,NOJ,1,600,Two-step,73.10867455617128,23724.337152499997,10,36,9.6
SS_seed1,ResultsSS,NOJ,1,601,Two-step,73.10867455617128,23750.042309399985,10,36,9.6
SS_seed1,ResultsSS,NOJ,1,602,Two-step,73.10867455617128,23775.459949399985,10,36,9.6
SS_seed1,ResultsSS,NOJ,1,603,Two-step,73.10867455617128,23800.882893299975,10,36,9.6
SS_seed1,ResultsSS,NOJ,1,604,Two-step,73.10867455617128,23826.419917399937,10,36,9.6
SS_seed1,ResultsSS,NOJ,1,605,Two-step,73.10867455617128,23870.355084899988,10,36,9.6
SS_seed1,ResultsSS,NOJ,1,606,Two-step,73.10867455617128,23918.19783120003,10,36,9.6
SS_seed1,ResultsSS,NOJ,1,607,Two-step,73.10867455617128,23966.004040599975,10,36,9.6
SS_seed1,ResultsSS,NOJ,1,608,Two-step,73.10867455617128,24014.56184349995,10,36,9.6
SS_seed1,ResultsSS,NOJ,1,609,Two-step,73.10867455617128,24064.843367999943,10,36,9.6
SS_seed1,ResultsSS,NOJ,1,610,Two-step,73.10867455617128,24114.215379300003,10,36,9.6
SS_seed1,ResultsSS,NOJ,1,611,Two-step,73.10867455617128,24163.246847399918,10,36,9.6
SS_seed1,ResultsSS,NOJ,1,612,Two-step,73.10867455617128,24212.35873639997,10,36,9.6
SS_seed1,ResultsSS,NOJ,1,613,Two-step,73.10867455617128,24263.58824319992,10,36,9.6
SS_seed1,ResultsSS,NOJ,1,614,Two-step,73.10867455617128,24315.744642400008,10,36,9.6
SS_seed1,ResultsSS,NOJ,1,615,Two-step,73.10867455617128,24369.228778199933,10,36,9.6
SS_seed1,ResultsSS,NOJ,1,616,Two-step,73.10867455617128,24420.419013499923,10,36,9.6
SS_seed1,ResultsSS,NOJ,1,617,Two-step,73.10867455617128,24471.485810299928,10,36,9.6
SS_seed1,ResultsSS,NOJ,1,618,Two-step,73.10867455617128,24524.471960999945,10,36,9.6
SS_seed1,ResultsSS,NOJ,1,619,Two-step,73.10867455617128,24578.071453800017,10,36,9.6
SS_seed1,ResultsSS,NOJ,1,620,Two-step,73.10867455617128,24631.479365099978,10,36,9.6
SS_seed1,ResultsSS,NOJ,1,621,Two-step,73.10867455617128,24684.378253299918,10,36,9.6
SS_seed1,ResultsSS,NOJ,1,622,Two-step,73.10867455617128,24738.065781100013,10,36,9.6
SS_seed1,ResultsSS,NOJ,1,623,Two-step,73.10867455617128,24791.24598810001,10,36,9.6
SS_seed1,ResultsSS,NOJ,1,624,Two-step,73.10867455617128,24843.408133399964,10,36,9.6
SS_seed1,ResultsSS,NOJ,1,625,Two-step,73.10867455617128,24897.163217100024,10,36,9.6
SS_seed1,ResultsSS,NOJ,1,626,Two-step,73.10867455617128,24949.73547949997,10,36,9.6
SS_seed1,ResultsSS,NOJ,1,627,Two-step,73.10867455617128,25002.671098099963,10,36,9.6
SS_seed1,ResultsSS,NOJ,1,628,Two-step,73.10867455617128,25057.205045500014,10,36,9.6
SS_seed1,ResultsSS,NOJ,1,629,Two-step,73.10867455617128,25110.220864499977,10,36,9.6
SS_seed1,ResultsSS,NOJ,1,630,Two-step,73.10867455617128,25164.9322482,10,36,9.6
SS_seed1,ResultsSS,NOJ,1,631,Two-step,73.10867455617128,25221.496564799978,10,36,9.6
SS_seed1,ResultsSS,NOJ,1,632,Two-step,73.10867455617128,25277.70880750002,10,36,9.6
SS_seed1,ResultsSS,NOJ,1,633,Two-step,73.10867455617128,25332.381730299967,10,36,9.6
SS_seed1,ResultsSS,NOJ,1,634,Two-step,73.10867455617128,25386.324291599973,10,36,9.6
SS_seed1,ResultsSS,NOJ,1,635,Two-step,73.10867455617128,25441.827642499993,10,36,9.6
SS_seed1,ResultsSS,NOJ,1,636,Two-step,73.10867455617128,25499.392265599978,10,36,9.6
SS_seed1,ResultsSS,NOJ,1,637,Two-step,73.10867455617128,25559.01091309992,10,36,9.6
SS_seed1,ResultsSS,NOJ,1,638,Two-step,73.10867455617128,25614.261493399914,10,36,9.6
SS_seed1,ResultsSS,NOJ,1,639,Two-step,73.10867455617128,25667.996019100014,10,36,9.6
SS_seed1,ResultsSS,NOJ,1,640,Two-step,73.10867455617128,25726.132000999933,10,36,9.6
SS_seed1,ResultsSS,NOJ,1,641,Gradient,73.10867455617128,25730.401785749942,10,36,9.6
SS_seed1,ResultsSS,NOJ,1,642,Gradient,73.10867455617128,25734.67157049995,10,36,9.6
