seed,random_pct,iteration,AEP [GWh]
1,0,1,0.9852548472611584
1,0,2,1.9702430865108589
1,0,3,2.954432858529491
1,0,4,3.938408775108176
1,0,5,4.9196167456734745
1,0,6,5.899422679519123
1,0,7,6.877311979859461
1,0,8,7.854620031468128
1,0,9,8.827541355186678
1,0,10,9.800502953699052
1,0,11,10.767036547717158
1,0,12,11.733376936886998
1,0,13,12.699290556849064
1,0,14,13.665181116024918
1,0,15,14.630729449656549
1,0,16,15.59157718765655
1,0,17,16.5450279193169
1,0,18,17.498967071697297
1,0,19,18.452452366923097
1,0,20,19.40324491080634
1,0,21,20.354060319607584
1,0,22,21.305284898992838
1,0,23,22.25383361756864
1,0,24,23.19813976894845
1,0,25,24.133244688270466
1,0,26,25.07371517818028
1,0,27,26.008664723217287
1,0,28,26.94059892673666
1,0,29,27.872610499553943
1,0,30,28.80639394714165
1,0,31,29.731503253725243
1,0,32,30.65992904231382
1,0,33,31.586326742580518
1,0,34,32.50615290829906
1,0,35,33.42179922190119
1,0,36,34.339340422245186
1,0,37,35.25631924423391
1,0,38,36.16495882415856
1,0,39,37.0694156414255
1,0,40,37.97580154922751
1,0,41,38.87770241341193
1,0,42,39.785171337330624
1,0,43,40.68896021711632
1,0,44,41.584922535828056
1,0,45,42.46016848228838
1,0,46,43.367778213993816
1,0,47,44.2619728186051
1,0,48,45.149913854727494
1,0,49,46.04199832274935
1,0,50,46.92902362862834
1,0,51,47.81837380621778
1,0,52,48.70211905886205
1,0,53,49.57738431840655
1,0,54,50.467270804330596
1,0,55,51.33946411957392
1,0,56,52.22324033152007
1,0,57,53.064277893141636
1,0,58,53.932390569622534
1,0,59,54.77986813171033
1,0,60,55.641080114829464
1,0,61,56.501460356673164
1,0,62,57.361807829251454
1,0,63,58.22137775516846
1,0,64,59.07161337237177
1,0,65,59.92279120766785
1,0,66,60.76687980267755
1,0,67,61.61399780442675
1,0,68,62.45339530609959
1,0,69,63.30000565600595
1,0,70,64.13433109160485
1,0,71,64.95787935177538
1,0,72,65.80105762963976
1,0,73,66.64140288442857
1,0,74,67.47764357712828
1,0,75,68.30597253504462
1,0,76,69.14681143181534
1,0,77,69.96774402863792
1,0,78,70.79468000204028
1,0,79,71.6210448365378
1,0,80,72.44812882393614
1,3,1,0.9852548472611584
1,3,2,1.970133713645061
1,3,3,2.9541291138672925
1,3,4,3.9375060707574896
1,3,5,4.9170680463581355
1,3,6,5.8965394325798535
1,3,7,6.873364113010092
1,3,8,7.847098092105858
1,3,9,8.824480435718748
1,3,10,9.798095608406637
1,3,11,10.768358651479058
1,3,12,11.735030851269379
1,3,13,12.692158739944432
1,3,14,13.653726503073546
1,3,15,14.613498768025158
1,3,16,15.569621940469013
1,3,17,16.52645657089332
1,3,18,17.477844916281686
1,3,19,18.424220435955483
1,3,20,19.374540598987927
1,3,21,20.31656505552593
1,3,22,21.251803935155984
1,3,23,22.196036083178075
1,3,24,23.136488826602047
1,3,25,24.075133786956886
1,3,26,25.012410681071835
1,3,27,25.95199107497382
1,3,28,26.888715352439853
1,3,29,27.82193560783126
1,3,30,28.757101682854596
1,3,31,29.686736645798362
1,3,32,30.600205649129677
1,3,33,31.543299291733284
1,3,34,32.46008964689439
1,3,35,33.3692492649391
1,3,36,34.28201429299311
1,3,37,35.185717669894984
1,3,38,36.091317423579746
1,3,39,36.99833256321098
1,3,40,37.89828518181239
1,3,41,38.80734021985349
1,3,42,39.71488344286615
1,3,43,40.604252457490055
1,3,44,41.50105426905853
1,3,45,42.39424110524231
1,3,46,43.29135012882104
1,3,47,44.160544360510826
1,3,48,45.0418577946692
1,3,49,45.92129208533448
1,3,50,46.805496826773606
1,3,51,47.678114625879516
1,3,52,48.55876663019168
1,3,53,49.45423765877694
1,3,54,50.32497248529482
1,3,55,51.194402139937026
1,3,56,52.04330033983427
1,3,57,52.90755917022605
1,3,58,53.79430024637789
1,3,59,54.63850504197892
1,3,60,55.50404658097246
1,3,61,56.366637143250045
1,3,62,57.24552438076175
1,3,63,58.071181120619414
1,3,64,58.904828370108774
1,3,65,59.73889241977814
1,3,66,60.607944694241624
1,3,67,61.468098492353946
1,3,68,62.31627656321049
1,3,69,63.16157024850258
1,3,70,64.00617522050706
1,3,71,64.83382922299025
1,3,72,65.6608373636731
1,3,73,66.50426608145051
1,3,74,67.34243735481847
1,3,75,68.17984694607688
1,3,76,68.99162598084537
1,3,77,69.83098551753534
1,3,78,70.65710544898165
1,3,79,71.48587283843109
1,3,80,72.30539854186407
1,5,1,0.9852548472611584
1,5,2,1.9702572514311734
1,5,3,2.9539752745478705
1,5,4,3.937023473756301
1,5,5,4.917364375562299
1,5,6,5.895214107972329
1,5,7,6.870482805822395
1,5,8,7.846531352706238
1,5,9,8.817352286365896
1,5,10,9.786651705005184
1,5,11,10.756125603231611
1,5,12,11.724049228106685
1,5,13,12.689868471596693
1,5,14,13.646625712330014
1,5,15,14.604951028839753
1,5,16,15.558122260359525
1,5,17,16.514039123705704
1,5,18,17.463195831730424
1,5,19,18.424630991876825
1,5,20,19.370812517854255
1,5,21,20.320400204561643
1,5,22,21.249881465639575
1,5,23,22.188990826388398
1,5,24,23.12767438422681
1,5,25,24.062173822033202
1,5,26,24.9931125162421
1,5,27,25.923100706956365
1,5,28,26.833571311487617
1,5,29,27.769101155437397
1,5,30,28.698373057195038
1,5,31,29.622441682183474
1,5,32,30.548824055655317
1,5,33,31.472681729759366
1,5,34,32.39209643228702
1,5,35,33.305782373546236
1,5,36,34.21451611142628
1,5,37,35.12420181418973
1,5,38,36.03469315820837
1,5,39,36.93416146148874
1,5,40,37.83475310332216
1,5,41,38.731122748372165
1,5,42,39.63979528930477
1,5,43,40.53708416769609
1,5,44,41.436580095448605
1,5,45,42.31827738402012
1,5,46,43.169887459414376
1,5,47,44.072663838141054
1,5,48,44.959570868715325
1,5,49,45.84910639907231
1,5,50,46.758890226183695
1,5,51,47.6069450352001
1,5,52,48.51393671089622
1,5,53,49.4029071271748
1,5,54,50.27560442650173
1,5,55,51.14259947707016
1,5,56,51.987777986838324
1,5,57,52.849775518692915
1,5,58,53.69402789909232
1,5,59,54.51996929022425
1,5,60,55.368418093876855
1,5,61,56.216484825521945
1,5,62,57.07143425469987
1,5,63,57.92658014693162
1,5,64,58.78459293986964
1,5,65,59.63034173106072
1,5,66,60.48151354132591
1,5,67,61.301658311535476
1,5,68,62.144085913448464
1,5,69,62.98686359368713
1,5,70,63.81763477276208
1,5,71,64.63417089223867
1,5,72,65.46216952484653
1,5,73,66.30442585596148
1,5,74,67.13990240645009
1,5,75,67.96648230417891
1,5,76,68.81988697605584
1,5,77,69.63779635689191
1,5,78,70.4537999888465
1,5,79,71.2761800890992
1,5,80,72.0960615937525
1,10,1,0.9852548472611584
1,10,2,1.9700243863604134
1,10,3,2.953388496466996
1,10,4,3.936510182532543
1,10,5,4.915377158464978
1,10,6,5.893036867113356
1,10,7,6.863736065570149
1,10,8,7.833988052869197
1,10,9,8.806111773114178
1,10,10,9.778419050604901
1,10,11,10.74960323231903
1,10,12,11.711748039365439
1,10,13,12.676757013831853
1,10,14,13.639793879849407
1,10,15,14.5999791121243
1,10,16,15.552677769011794
1,10,17,16.503068540921916
1,10,18,17.450412896562145
1,10,19,18.408872657877424
1,10,20,19.349393427920045
1,10,21,20.289286639712692
1,10,22,21.214624567237458
1,10,23,22.14704350674802
1,10,24,23.093002526994887
1,10,25,24.024266125540436
1,10,26,24.964411705825018
1,10,27,25.86895910280042
1,10,28,26.7748985579485
1,10,29,27.71374927577145
1,10,30,28.65057933027738
1,10,31,29.558724566407793
1,10,32,30.48820702839223
1,10,33,31.397490362473636
1,10,34,32.31910047233406
1,10,35,33.23571863282495
1,10,36,34.13894208474163
1,10,37,35.05550716411875
1,10,38,35.957137812287044
1,10,39,36.86311754720846
1,10,40,37.75927454665649
1,10,41,38.66748736919217
1,10,42,39.574728565979775
1,10,43,40.471038936257315
1,10,44,41.36204042514474
1,10,45,42.2562409945182
1,10,46,43.15915735195513
1,10,47,44.04090019442728
1,10,48,44.92716349340729
1,10,49,45.812309691241595
1,10,50,46.69699529651142
1,10,51,47.57197825820589
1,10,52,48.452730937887495
1,10,53,49.3648850263871
1,10,54,50.22651534512519
1,10,55,51.07805698274898
1,10,56,51.9583463819702
1,10,57,52.825669422277926
1,10,58,53.683053073270564
1,10,59,54.52678795041278
1,10,60,55.38601394239579
1,10,61,56.238338559444465
1,10,62,57.098345573238525
1,10,63,57.965116227584474
1,10,64,58.815701495234926
1,10,65,59.662158916665206
1,10,66,60.50870482708844
1,10,67,61.33865856006888
1,10,68,62.15328474581516
1,10,69,62.97734868098419
1,10,70,63.83844879497241
1,10,71,64.67250921521895
1,10,72,65.50376445120654
1,10,73,66.33004673907229
1,10,74,67.15943372831453
1,10,75,67.98865411822763
1,10,76,68.79300777110002
1,10,77,69.62111938141504
1,10,78,70.4511846692666
1,10,79,71.31895255155611
1,10,80,72.12193614866618
1,20,1,0.9852548472611584
1,20,2,1.969843849133893
1,20,3,2.954231790289679
1,20,4,3.934501988410058
1,20,5,4.915244383415628
1,20,6,5.889108460114287
1,20,7,6.864114644542268
1,20,8,7.84175103961616
1,20,9,8.813795424323017
1,20,10,9.790812122291705
1,20,11,10.758669265953834
1,20,12,11.723820812089702
1,20,13,12.681999125099889
1,20,14,13.636634472456086
1,20,15,14.592450488598894
1,20,16,15.548582271545444
1,20,17,16.506849135102378
1,20,18,17.452368104264984
1,20,19,18.389022169844004
1,20,20,19.325466474712684
1,20,21,20.268410499161988
1,20,22,21.203018945698183
1,20,23,22.14156132474814
1,20,24,23.076650585166107
1,20,25,24.02198950814249
1,20,26,24.953818295154026
1,20,27,25.882916547243518
1,20,28,26.80854237474093
1,20,29,27.71204897560497
1,20,30,28.6201730961359
1,20,31,29.537690578323016
1,20,32,30.44981317929281
1,20,33,31.365215616095146
1,20,34,32.29417955318171
1,20,35,33.20808133301236
1,20,36,34.11224165905852
1,20,37,35.02104198898412
1,20,38,35.930704264197
1,20,39,36.864839239791166
1,20,40,37.74385843165656
1,20,41,38.64960370316767
1,20,42,39.536491902121114
1,20,43,40.420319596661926
1,20,44,41.31545140176118
1,20,45,42.20547680789512
1,20,46,43.0873225171136
1,20,47,43.93359190486704
1,20,48,44.82104837973043
1,20,49,45.68274286250493
1,20,50,46.54117996243784
1,20,51,47.41246216429879
1,20,52,48.282241163237615
1,20,53,49.161263882302464
1,20,54,50.050633905530454
1,20,55,50.90065091480186
1,20,56,51.75764796564733
1,20,57,52.62106782362447
1,20,58,53.47552222426344
1,20,59,54.33028518846379
1,20,60,55.17859033650265
1,20,61,56.03853154441296
1,20,62,56.91244526763023
1,20,63,57.754739738697516
1,20,64,58.599323790801
1,20,65,59.44232499939301
1,20,66,60.28226521337308
1,20,67,61.15591022548629
1,20,68,61.99798936369152
1,20,69,62.82189443174389
1,20,70,63.635797779763806
1,20,71,64.4653519723004
1,20,72,65.32540046243261
1,20,73,66.15323912735941
1,20,74,66.9776794971713
1,20,75,67.81464615769953
1,20,76,68.67981559607946
1,20,77,69.50947214816358
1,20,78,70.31912683735025
1,20,79,71.13892389385694
1,20,80,71.94164739661066
1,50,1,0.9852548472611584
1,50,2,1.970052219369951
1,50,3,2.9540242984316123
1,50,4,3.935098628926462
1,50,5,4.914618506142382
1,50,6,5.889577997903086
1,50,7,6.8545890047396
1,50,8,7.818593344617108
1,50,9,8.781162783111728
1,50,10,9.749747635270488
1,50,11,10.716812032077986
1,50,12,11.679480702752594
1,50,13,12.639657981963854
1,50,14,13.589526215781621
1,50,15,14.547054912005049
1,50,16,15.490846265444931
1,50,17,16.45571247679579
1,50,18,17.39646629140006
1,50,19,18.339747235956736
1,50,20,19.244264597988042
1,50,21,20.187147916300464
1,50,22,21.11290583022591
1,50,23,22.044726422727443
1,50,24,22.974257041929597
1,50,25,23.888718673203876
1,50,26,24.800728322336383
1,50,27,25.71445735782523
1,50,28,26.657633251999446
1,50,29,27.581117322431965
1,50,30,28.45530067492332
1,50,31,29.409744208646686
1,50,32,30.30985988160129
1,50,33,31.208418039095918
1,50,34,32.10929132615198
1,50,35,33.00593796781884
1,50,36,33.896142876617645
1,50,37,34.781087398258094
1,50,38,35.666460726417114
1,50,39,36.55623777647115
1,50,40,37.452352492576054
1,50,41,38.2973632223352
1,50,42,39.173899569892285
1,50,43,40.05491224487665
1,50,44,40.96467611647732
1,50,45,41.851129126816346
1,50,46,42.746662515417015
1,50,47,43.60871432970632
1,50,48,44.51447545585661
1,50,49,45.39066145896978
1,50,50,46.27085938660829
1,50,51,47.15671704018935
1,50,52,48.01040761240439
1,50,53,48.88653012015572
1,50,54,49.72600205330257
1,50,55,50.60187012801478
1,50,56,51.44602178173324
1,50,57,52.363847118791725
1,50,58,53.183265474002646
1,50,59,54.035561661215
1,50,60,54.866967114358914
1,50,61,55.741524236711996
1,50,62,56.58709202873629
1,50,63,57.42561542424774
1,50,64,58.276176179236046
1,50,65,59.184980887756566
1,50,66,59.99957539970322
1,50,67,60.825287867745004
1,50,68,61.67878407797613
1,50,69,62.49128268417798
1,50,70,63.30789382447459
1,50,71,64.1657808274968
1,50,72,64.99619341982725
1,50,73,65.78566373847718
1,50,74,66.61161791004517
1,50,75,67.42073457514155
1,50,76,68.21441214805648
1,50,77,69.02973663316925
1,50,78,69.86032681306898
1,50,79,70.6503442342121
1,50,80,71.4316532591206
2,0,1,0.9852548472611584
2,0,2,1.9692021114692544
2,0,3,2.953766149464025
2,0,4,3.9370730771576943
2,0,5,4.920021974910283
2,0,6,5.898573268313704
2,0,7,6.8762848082661225
2,0,8,7.854125685317609
2,0,9,8.830605705149527
2,0,10,9.80276092828375
2,0,11,10.771610409116896
2,0,12,11.738449787076227
2,0,13,12.702687880750931
2,0,14,13.667888782299082
2,0,15,14.628190782186314
2,0,16,15.585225317688622
2,0,17,16.544206942984985
2,0,18,17.49955341550652
2,0,19,18.451802144794613
2,0,20,19.400078765725315
2,0,21,20.342649261456803
2,0,22,21.29236661243512
2,0,23,22.240441871411
2,0,24,23.191411975301044
2,0,25,24.12576188945408
2,0,26,25.062043267068074
2,0,27,26.003176014054173
2,0,28,26.937472760175943
2,0,29,27.86956480344208
2,0,30,28.8036863758943
2,0,31,29.73866268111413
2,0,32,30.666182204663635
2,0,33,31.58739455888312
2,0,34,32.510418034263786
2,0,35,33.43032647573839
2,0,36,34.339923326849906
2,0,37,35.25648591114309
2,0,38,36.16082108898963
2,0,39,37.06264304345471
2,0,40,37.970296164029264
2,0,41,38.870933840038774
2,0,42,39.767816681837616
2,0,43,40.67567938751846
2,0,44,41.578291630500935
2,0,45,42.46939876896462
2,0,46,43.35805218510337
2,0,47,44.250289326496116
2,0,48,45.1352530793878
2,0,49,46.019254048706074
2,0,50,46.909617634722665
2,0,51,47.787336669960794
2,0,52,48.65595882632097
2,0,53,49.542241513096045
2,0,54,50.40761673405483
2,0,55,51.249483723345406
2,0,56,52.13219558855957
2,0,57,52.97623444767735
2,0,58,53.843721126759064
2,0,59,54.69414549405813
2,0,60,55.538112641576646
2,0,61,56.40169200583183
2,0,62,57.26262919493355
2,0,63,58.102418490451555
2,0,64,58.96577458631117
2,0,65,59.817284598503534
2,0,66,60.673100905020966
2,0,67,61.52130883343872
2,0,68,62.36092789938457
2,0,69,63.20088506742023
2,0,70,64.04772019936519
2,0,71,64.88563613773773
2,0,72,65.71677054118834
2,0,73,66.54932335189616
2,0,74,67.38687424222775
2,0,75,68.2141639013632
2,0,76,69.0453420165417
2,0,77,69.87396543513923
2,0,78,70.69790483482389
2,0,79,71.51929411835633
2,0,80,72.34261060823297
2,3,1,0.9852548472611584
2,3,2,1.9685826122613488
2,3,3,2.952936046626135
2,3,4,3.9360979154295657
2,3,5,4.91870196352553
2,3,6,5.8950300062611545
2,3,7,6.87412117323459
2,3,8,7.8492289566670745
2,3,9,8.82317975909252
2,3,10,9.79079807213798
2,3,11,10.757603870379782
2,3,12,11.718701647675305
2,3,13,12.680595933132498
2,3,14,13.641422490470797
2,3,15,14.60029114933063
2,3,16,15.55292294574432
2,3,17,16.507368271861246
2,3,18,17.4578011409298
2,3,19,18.40382882184595
2,3,20,19.35037031584497
2,3,21,20.288751044906533
2,3,22,21.23604173765015
2,3,23,22.17937875068519
2,3,24,23.11019141201593
2,3,25,24.051779447415385
2,3,26,24.994912974446123
2,3,27,25.920449084752136
2,3,28,26.85354440558485
2,3,29,27.793599797466154
2,3,30,28.73023035624566
2,3,31,29.63898900443362
2,3,32,30.53540116800557
2,3,33,31.45231534608959
2,3,34,32.3752596887272
2,3,35,33.286394811711446
2,3,36,34.19958675908396
2,3,37,35.10881913586623
2,3,38,36.016667902013225
2,3,39,36.923139539102024
2,3,40,37.83419326402763
2,3,41,38.7415925479175
2,3,42,39.63703651788708
2,3,43,40.52723640612815
2,3,44,41.4202703867436
2,3,45,42.30607158240819
2,3,46,43.183629373003185
2,3,47,44.073759481220605
2,3,48,44.955248026632376
2,3,49,45.84585896635437
2,3,50,46.73941869186172
2,3,51,47.613194515689614
2,3,52,48.48102679645007
2,3,53,49.35820214211242
2,3,54,50.233513840185886
2,3,55,51.095122487980134
2,3,56,51.93133504269709
2,3,57,52.77343336639702
2,3,58,53.64231298442586
2,3,59,54.51107974243027
2,3,60,55.354245647682376
2,3,61,56.21975626426912
2,3,62,57.080266187609325
2,3,63,57.90090475344451
2,3,64,58.74013170446824
2,3,65,59.60205338092888
2,3,66,60.44248170079548
2,3,67,61.29860766520494
2,3,68,62.15657248090454
2,3,69,62.99391365935165
2,3,70,63.867967396558505
2,3,71,64.70600034874869
2,3,72,65.54546141260836
2,3,73,66.38300512135686
2,3,74,67.23179346228315
2,3,75,68.05634023929963
2,3,76,68.8901399060505
2,3,77,69.72075539353092
2,3,78,70.55582206642137
2,3,79,71.3982652707364
2,3,80,72.22342600633618
2,5,1,0.9852548472611584
2,5,2,1.9697359235038776
2,5,3,2.9517870196677682
2,5,4,3.9350243381890224
2,5,5,4.917802863052414
2,5,6,5.893305109830857
2,5,7,6.869965584414251
2,5,8,7.845022982526774
2,5,9,8.815515157035689
2,5,10,9.779829380099546
2,5,11,10.75205393129755
2,5,12,11.722193874874833
2,5,13,12.683651206558027
2,5,14,13.634164174112911
2,5,15,14.595363095314713
2,5,16,15.553680876451223
2,5,17,16.503371868091172
2,5,18,17.45056238960548
2,5,19,18.399070980652496
2,5,20,19.345821912322926
2,5,21,20.29157133549849
2,5,22,21.217836762287366
2,5,23,22.154369677014124
2,5,24,23.08755591814409
2,5,25,24.019383329071893
2,5,26,24.948944635495337
2,5,27,25.879775656193363
2,5,28,26.804828543607478
2,5,29,27.737324232505422
2,5,30,28.66674382366925
2,5,31,29.595210369631836
2,5,32,30.512487133159933
2,5,33,31.42869604511681
2,5,34,32.33074582379351
2,5,35,33.237866081700346
2,5,36,34.150210336562026
2,5,37,35.07043891271561
2,5,38,35.98365675686966
2,5,39,36.885311823658526
2,5,40,37.790588722427856
2,5,41,38.6916500367534
2,5,42,39.57337970895741
2,5,43,40.4636444845133
2,5,44,41.37161064061029
2,5,45,42.26224792540408
2,5,46,43.17395450593412
2,5,47,44.06554536906573
2,5,48,44.93527546089422
2,5,49,45.808731773203206
2,5,50,46.68365542377842
2,5,51,47.55730493980665
2,5,52,48.429021377925515
2,5,53,49.30225359437385
2,5,54,50.18025297920397
2,5,55,51.03967557610592
2,5,56,51.8928246073841
2,5,57,52.75658243718816
2,5,58,53.598863757265946
2,5,59,54.47795662932822
2,5,60,55.31590223814449
2,5,61,56.188398022086666
2,5,62,57.02420759052552
2,5,63,57.91736029673186
2,5,64,58.743969673548925
2,5,65,59.60529223518622
2,5,66,60.431170877850924
2,5,67,61.29396354403309
2,5,68,62.13916737975708
2,5,69,62.97656762105973
2,5,70,63.80359366283834
2,5,71,64.6493922421061
2,5,72,65.48925085041992
2,5,73,66.32500019402082
2,5,74,67.14988070654582
2,5,75,67.98173427824361
2,5,76,68.83437380534946
2,5,77,69.66451857870626
2,5,78,70.47812896769142
2,5,79,71.30019468444567
2,5,80,72.11075109509906
2,10,1,0.9852548472611584
2,10,2,1.9693405735841971
2,10,3,2.951402397542751
2,10,4,3.934638276249598
2,10,5,4.9171902025352665
2,10,6,5.893243423920495
2,10,7,6.867762739024855
2,10,8,7.844167328503105
2,10,9,8.81577191752387
2,10,10,9.786880490968628
2,10,11,10.746799690132082
2,10,12,11.709265254629521
2,10,13,12.669281670350717
2,10,14,13.62854296515944
2,10,15,14.587617218445507
2,10,16,15.531104640715643
2,10,17,16.489704428382723
2,10,18,17.422817419300863
2,10,19,18.37677300251206
2,10,20,19.315008459243646
2,10,21,20.25073713253517
2,10,22,21.194633603393868
2,10,23,22.143769887400044
2,10,24,23.086005531062
2,10,25,24.032038320384054
2,10,26,24.953361178023243
2,10,27,25.894891756405364
2,10,28,26.816919912588183
2,10,29,27.73826425289748
2,10,30,28.660261806880023
2,10,31,29.60232005017072
2,10,32,30.514563466598553
2,10,33,31.42785208197997
2,10,34,32.352784200883264
2,10,35,33.28268913861248
2,10,36,34.1662908400009
2,10,37,35.07419138313455
2,10,38,35.978160388290334
2,10,39,36.8953604372721
2,10,40,37.79934802428033
2,10,41,38.69153223245201
2,10,42,39.587728817101635
2,10,43,40.48125634565076
2,10,44,41.38198475340259
2,10,45,42.26945901219345
2,10,46,43.154064462586334
2,10,47,44.06704784948239
2,10,48,44.952624418943714
2,10,49,45.83579302996978
2,10,50,46.68930951232827
2,10,51,47.584727191999846
2,10,52,48.44562432556051
2,10,53,49.31828652690227
2,10,54,50.18657813156865
2,10,55,51.04121389504952
2,10,56,51.913255210768526
2,10,57,52.78026579309079
2,10,58,53.63683426230392
2,10,59,54.52402098482596
2,10,60,55.39034037327747
2,10,61,56.276224908712244
2,10,62,57.12823345090621
2,10,63,57.98004508932499
2,10,64,58.8385488456487
2,10,65,59.70990354305309
2,10,66,60.55259110209663
2,10,67,61.400656846112405
2,10,68,62.25585607341447
2,10,69,63.08994492363367
2,10,70,63.927883139087
2,10,71,64.7676688014228
2,10,72,65.56691004895282
2,10,73,66.39860283688216
2,10,74,67.21499093570355
2,10,75,68.04276113255165
2,10,76,68.83739764672384
2,10,77,69.64728577769873
2,10,78,70.46250838536277
2,10,79,71.28341544706166
2,10,80,72.104949528579
2,20,1,0.9852548472611584
2,20,2,1.969412269641062
2,20,3,2.9528190933882996
2,20,4,3.934071853536322
2,20,5,4.915580952376526
2,20,6,5.89232988737813
2,20,7,6.867667176278686
2,20,8,7.838166190926572
2,20,9,8.807421378657837
2,20,10,9.770961023955458
2,20,11,10.739837805085326
2,20,12,11.703837471856353
2,20,13,12.663801873815533
2,20,14,13.620473062491637
2,20,15,14.579973610154934
2,20,16,15.542644220416594
2,20,17,16.49376725311936
2,20,18,17.445493025021975
2,20,19,18.389004550403442
2,20,20,19.327479291844753
2,20,21,20.267272584845305
2,20,22,21.211669534281654
2,20,23,22.15618568632125
2,20,24,23.093956468337172
2,20,25,24.01738092216625
2,20,26,24.951587009999578
2,20,27,25.885459474450656
2,20,28,26.81996178814869
2,20,29,27.741925005291996
2,20,30,28.664770250310024
2,20,31,29.572155453363266
2,20,32,30.483371848939512
2,20,33,31.42266540826069
2,20,34,32.33003064042832
2,20,35,33.267464035364455
2,20,36,34.175887925432164
2,20,37,35.06734664672959
2,20,38,35.95813559079401
2,20,39,36.86366038810297
2,20,40,37.776046138313504
2,20,41,38.678751276481556
2,20,42,39.59344720812101
2,20,43,40.499180463069784
2,20,44,41.390307056367234
2,20,45,42.28210752113263
2,20,46,43.16023010900693
2,20,47,44.04737262175036
2,20,48,44.9190418141322
2,20,49,45.79551821865477
2,20,50,46.67651867778776
2,20,51,47.52727577944549
2,20,52,48.40285691529371
2,20,53,49.236786589516385
2,20,54,50.085442041371415
2,20,55,50.945339494274954
2,20,56,51.800362820806434
2,20,57,52.65763470369655
2,20,58,53.50489530908456
2,20,59,54.34750161873933
2,20,60,55.18706781479224
2,20,61,56.060921672529425
2,20,62,56.89062028610674
2,20,63,57.722655512011535
2,20,64,58.57304004888984
2,20,65,59.41617270967194
2,20,66,60.28486196301246
2,20,67,61.13915152112636
2,20,68,61.99186072888757
2,20,69,62.829621494845426
2,20,70,63.66472001873683
2,20,71,64.508827883688
2,20,72,65.32811027487433
2,20,73,66.19859232317941
2,20,74,67.00488743360751
2,20,75,67.82654873575214
2,20,76,68.64782466040526
2,20,77,69.46396638362833
2,20,78,70.2855271086325
2,20,79,71.09922537868233
2,20,80,71.92514185870249
2,50,1,0.9852548472611584
2,50,2,1.9688199066629875
2,50,3,2.950560273331805
2,50,4,3.9327804581892285
2,50,5,4.907178341309503
2,50,6,5.882872689799212
2,50,7,6.85385155477864
2,50,8,7.8265858684195475
2,50,9,8.800615124619409
2,50,10,9.777985494986352
2,50,11,10.750938108829978
2,50,12,11.700788827835389
2,50,13,12.655922030006723
2,50,14,13.604311551298041
2,50,15,14.559301745649531
2,50,16,15.515310369101071
2,50,17,16.458521455246874
2,50,18,17.37754866118526
2,50,19,18.31753922164859
2,50,20,19.258910769786738
2,50,21,20.196892004384644
2,50,22,21.14178993149163
2,50,23,22.08921378917021
2,50,24,23.015098470152026
2,50,25,23.931344014830827
2,50,26,24.865910966425368
2,50,27,25.779945292818763
2,50,28,26.70602976235303
2,50,29,27.664130327140192
2,50,30,28.571565129451674
2,50,31,29.4768466629642
2,50,32,30.38625934159506
2,50,33,31.261603959618814
2,50,34,32.17017733353808
2,50,35,33.068122912421316
2,50,36,33.95840216154495
2,50,37,34.84810559829659
2,50,38,35.72307724158452
2,50,39,36.60620317032267
2,50,40,37.54357457528309
2,50,41,38.42448568801839
2,50,42,39.27301447537063
2,50,43,40.15437773268758
2,50,44,41.05100694004544
2,50,45,41.94124716977818
2,50,46,42.86129241274891
2,50,47,43.7399425623165
2,50,48,44.595291908966985
2,50,49,45.46562988715995
2,50,50,46.3376957260074
2,50,51,47.19494225803808
2,50,52,48.06497544274998
2,50,53,48.92489858636075
2,50,54,49.78939510432882
2,50,55,50.66550845569461
2,50,56,51.52559600125068
2,50,57,52.42663949303538
2,50,58,53.313909113765746
2,50,59,54.147462367765925
2,50,60,55.00203936189655
2,50,61,55.845189227484155
2,50,62,56.68678546442492
2,50,63,57.51301930070241
2,50,64,58.343544134601004
2,50,65,59.195623038844985
2,50,66,60.11006832865896
2,50,67,60.926551988832706
2,50,68,61.761080420700566
2,50,69,62.57860191347527
2,50,70,63.419179966795156
2,50,71,64.27232418991908
2,50,72,65.07213618166173
2,50,73,65.88499716325751
2,50,74,66.78843368516246
2,50,75,67.59671247186265
2,50,76,68.40308078235262
2,50,77,69.23301726215755
2,50,78,70.04065474345165
2,50,79,70.87170317873702
2,50,80,71.68320009842296
3,0,1,0.9852548472611584
3,0,2,1.970133713645061
3,0,3,2.953746011706337
3,0,4,3.937875056549411
3,0,5,4.918524870496406
3,0,6,5.897353524426275
3,0,7,6.8754793089522925
3,0,8,7.85250278104874
3,0,9,8.827318691601313
3,0,10,9.7993469618946
3,0,11,10.770597671683152
3,0,12,11.738145115248626
3,0,13,12.704271288877418
3,0,14,13.671449126213187
3,0,15,14.626942018823883
3,0,16,15.59226494136589
3,0,17,16.54877377538783
3,0,18,17.503201480584345
3,0,19,18.4557381118192
3,0,20,19.403943158684147
3,0,21,20.353313841754094
3,0,22,21.30067089194886
3,0,23,22.250471420843827
3,0,24,23.198886728965995
3,0,25,24.14193026574553
3,0,26,25.077933039338614
3,0,27,26.007709730160116
3,0,28,26.94058840458273
3,0,29,27.874512231402854
3,0,30,28.804913484017924
3,0,31,29.734443183369578
3,0,32,30.660280493029667
3,0,33,31.586287641744562
3,0,34,32.507408777058416
3,0,35,33.430538181132874
3,0,36,34.34531114474919
3,0,37,35.2542566026967
3,0,38,36.165292852117666
3,0,39,37.082214875207676
3,0,40,37.989575175751185
3,0,41,38.89326789577645
3,0,42,39.796867287902785
3,0,43,40.706409837869295
3,0,44,41.59897818934198
3,0,45,42.49142266450004
3,0,46,43.39152902806667
3,0,47,44.27698485266996
3,0,48,45.165863903053676
3,0,49,46.06400136221511
3,0,50,46.9422647531294
3,0,51,47.8079949393172
3,0,52,48.68457264497304
3,0,53,49.57754949158449
3,0,54,50.44683764200592
3,0,55,51.29800958161347
3,0,56,52.163020483148486
3,0,57,53.034884958449155
3,0,58,53.88617932269301
3,0,59,54.75274418300899
3,0,60,55.59292682141214
3,0,61,56.438611933577654
3,0,62,57.28944159798009
3,0,63,58.15175956406472
3,0,64,59.01217160743582
3,0,65,59.875946595717906
3,0,66,60.73320067371917
3,0,67,61.57971199742271
3,0,68,62.42762843107564
3,0,69,63.28656367645914
3,0,70,64.11803560642377
3,0,71,64.957864150453
3,0,72,65.79151328557387
3,0,73,66.6285262607701
3,0,74,67.46096810185044
3,0,75,68.29418166552068
3,0,76,69.11552007784682
3,0,77,69.93300555782876
3,0,78,70.7476072393933
3,0,79,71.57404545084546
3,0,80,72.39497962279324
3,3,1,0.9852548472611584
3,3,2,1.9702764999174764
3,3,3,2.9535303888310405
3,3,4,3.937326445010707
3,3,5,4.9180269241388075
3,3,6,5.894507266872439
3,3,7,6.863951145544912
3,3,8,7.840070892269738
3,3,9,8.813024710024315
3,3,10,9.786034572714108
3,3,11,10.750333697835462
3,3,12,11.718445321180484
3,3,13,12.684637011513956
3,3,14,13.647077957005111
3,3,15,14.600977421146318
3,3,16,15.557385706359604
3,3,17,16.51261321967858
3,3,18,17.468254031735402
3,3,19,18.41558852192724
3,3,20,19.35813775991536
3,3,21,20.301273297629187
3,3,22,21.249282934192276
3,3,23,22.19035780577683
3,3,24,23.123189631217294
3,3,25,24.063336070918623
3,3,26,24.994712399469478
3,3,27,25.92847788090121
3,3,28,26.865815771537303
3,3,29,27.797487594624158
3,3,30,28.731401453751914
3,3,31,29.661528374424492
3,3,32,30.572959541952223
3,3,33,31.484446066275027
3,3,34,32.36872413781202
3,3,35,33.27886874021334
3,3,36,34.18367005569654
3,3,37,35.095767641705336
3,3,38,36.00737076289643
3,3,39,36.91683701728384
3,3,40,37.82157714324542
3,3,41,38.71623048151153
3,3,42,39.59983345451988
3,3,43,40.4738818146885
3,3,44,41.36964638200966
3,3,45,42.260292812691176
3,3,46,43.1542036790872
3,3,47,44.02018938074869
3,3,48,44.90788336718404
3,3,49,45.82105333077956
3,3,50,46.70350707714442
3,3,51,47.58531064982661
3,3,52,48.46850926858117
3,3,53,49.348230199434184
3,3,54,50.224447479492305
3,3,55,51.07853424700126
3,3,56,51.95481048714454
3,3,57,52.82173226053222
3,3,58,53.70559738387134
3,3,59,54.568426585336375
3,3,60,55.42796693911107
3,3,61,56.304380977153585
3,3,62,57.16754453629807
3,3,63,58.02233640882306
3,3,64,58.893366638673726
3,3,65,59.74079369701833
3,3,66,60.593186459200545
3,3,67,61.45328756063477
3,3,68,62.29639571185108
3,3,69,63.15045758234199
3,3,70,63.99569218529234
3,3,71,64.82097022707866
3,3,72,65.65184186388663
3,3,73,66.51858320198684
3,3,74,67.3424051726559
3,3,75,68.15364676505095
3,3,76,68.98639815889824
3,3,77,69.81234005811191
3,3,78,70.63312872029655
3,3,79,71.45943236728648
3,3,80,72.28651989088175
3,5,1,0.9852548472611584
3,5,2,1.969858714335992
3,5,3,2.954061315553373
3,5,4,3.934979104316061
3,5,5,4.917762476803038
3,5,6,5.89640116882839
3,5,7,6.873681443484398
3,5,8,7.847188611273967
3,5,9,8.814175042967289
3,5,10,9.784606177630353
3,5,11,10.754200128796898
3,5,12,11.722081519794855
3,5,13,12.68789624952257
3,5,14,13.648828478608753
3,5,15,14.609765160053467
3,5,16,15.56616268010928
3,5,17,16.50458033096156
3,5,18,17.456572149273292
3,5,19,18.406472869267223
3,5,20,19.351476725867187
3,5,21,20.298167124116198
3,5,22,21.236902970300207
3,5,23,22.169355725077075
3,5,24,23.110773279660624
3,5,25,24.044808051329507
3,5,26,24.984397127179207
3,5,27,25.912591286693115
3,5,28,26.84695181680317
3,5,29,27.77555275617253
3,5,30,28.705489945569802
3,5,31,29.607330483030488
3,5,32,30.526092435603623
3,5,33,31.469626554211967
3,5,34,32.37550028368669
3,5,35,33.28367980677128
3,5,36,34.18967603988345
3,5,37,35.09800404121281
3,5,38,36.00571985886843
3,5,39,36.89165597224472
3,5,40,37.798966292137436
3,5,41,38.71592693353821
3,5,42,39.596848052245775
3,5,43,40.49901353737629
3,5,44,41.38090837837622
3,5,45,42.282228728952724
3,5,46,43.17420650564186
3,5,47,44.05529889846677
3,5,48,44.93092915968927
3,5,49,45.82802378804409
3,5,50,46.70682335446944
3,5,51,47.58167173952365
3,5,52,48.464192674093866
3,5,53,49.342807806241126
3,5,54,50.21781528338225
3,5,55,51.069859592907314
3,5,56,51.93918732464063
3,5,57,52.827622259086624
3,5,58,53.698633835039715
3,5,59,54.572725534384595
3,5,60,55.40442680960921
3,5,61,56.230533284978364
3,5,62,57.06951540268665
3,5,63,57.925840021797256
3,5,64,58.77119323516524
3,5,65,59.618428326441354
3,5,66,60.482298235224135
3,5,67,61.32508235674491
3,5,68,62.16203994430094
3,5,69,63.014889821762594
3,5,70,63.8254886767915
3,5,71,64.65101285814177
3,5,72,65.47845140562796
3,5,73,66.31286621925159
3,5,74,67.16193265755945
3,5,75,67.99169355970156
3,5,76,68.8230783665054
3,5,77,69.62977863726093
3,5,78,70.46386922218991
3,5,79,71.29884960585315
3,5,80,72.11112346896614
3,10,1,0.9852548472611584
3,10,2,1.97003422239624
3,10,3,2.9541992948624927
3,10,4,3.9369635342877367
3,10,5,4.9157197235362755
3,10,6,5.893976909578532
3,10,7,6.869792438769155
3,10,8,7.8390837142755325
3,10,9,8.811101820028831
3,10,10,9.781301052076591
3,10,11,10.75221296816219
3,10,12,11.716961072100856
3,10,13,12.668552846834606
3,10,14,13.621760923033273
3,10,15,14.585248001770147
3,10,16,15.52808909693834
3,10,17,16.47861190365209
3,10,18,17.42846189267582
3,10,19,18.37656787194839
3,10,20,19.308019996982377
3,10,21,20.24213210912076
3,10,22,21.189075481641595
3,10,23,22.11970847493487
3,10,24,23.06977271356812
3,10,25,24.008377775301717
3,10,26,24.946697441364662
3,10,27,25.876674119308205
3,10,28,26.80588909176768
3,10,29,27.741452883549478
3,10,30,28.662825499260208
3,10,31,29.58333280406482
3,10,32,30.506397284943752
3,10,33,31.427728809911628
3,10,34,32.34556811740448
3,10,35,33.26534162860422
3,10,36,34.17087275507838
3,10,37,35.0665673626993
3,10,38,35.95141515611589
3,10,39,36.844107171899886
3,10,40,37.73919605380359
3,10,41,38.638079077018
3,10,42,39.533213985546816
3,10,43,40.41522188642415
3,10,44,41.31337975194696
3,10,45,42.19820744479313
3,10,46,43.100362733450794
3,10,47,43.98803059472734
3,10,48,44.86827361707186
3,10,49,45.76693728943704
3,10,50,46.637880988692686
3,10,51,47.51493352762743
3,10,52,48.40855462401265
3,10,53,49.28195455331416
3,10,54,50.14841014172761
3,10,55,50.985800158512774
3,10,56,51.848038760699204
3,10,57,52.715538498914185
3,10,58,53.58575546430202
3,10,59,54.468609622841576
3,10,60,55.32646225625069
3,10,61,56.18345870764199
3,10,62,57.036286695122925
3,10,63,57.91151585145384
3,10,64,58.75297526328142
3,10,65,59.60718735587282
3,10,66,60.446801840829416
3,10,67,61.30079454346721
3,10,68,62.14119603343829
3,10,69,62.9747876020144
3,10,70,63.82370400498944
3,10,71,64.63889031608228
3,10,72,65.4758026582082
3,10,73,66.30464500949134
3,10,74,67.1349002430427
3,10,75,67.94746985219103
3,10,76,68.7688189222531
3,10,77,69.58296280570829
3,10,78,70.4204270964749
3,10,79,71.24018213712205
3,10,80,72.0677044061938
3,20,1,0.9852548472611584
3,20,2,1.9698513707870875
3,20,3,2.9542436705189035
3,20,4,3.9373942475141277
3,20,5,4.917055489836074
3,20,6,5.891413803515979
3,20,7,6.86909628551191
3,20,8,7.844383887434958
3,20,9,8.819034481577116
3,20,10,9.787669657515437
3,20,11,10.753081813130384
3,20,12,11.722713754288508
3,20,13,12.683883101985767
3,20,14,13.637251189634338
3,20,15,14.601360386987508
3,20,16,15.551298459078925
3,20,17,16.502735259883817
3,20,18,17.448289934546494
3,20,19,18.393213163335744
3,20,20,19.34616583324332
3,20,21,20.25961270234293
3,20,22,21.210036374002165
3,20,23,22.124992225575106
3,20,24,23.052818151901175
3,20,25,23.981791221717184
3,20,26,24.914867156463114
3,20,27,25.833040186943798
3,20,28,26.76303625017707
3,20,29,27.685747157630047
3,20,30,28.606999104284316
3,20,31,29.52942008018728
3,20,32,30.44543404528296
3,20,33,31.379115308060957
3,20,34,32.286903268255365
3,20,35,33.19276753154642
3,20,36,34.123540321387516
3,20,37,35.05985785071885
3,20,38,35.96196495206138
3,20,39,36.87409323110541
3,20,40,37.76839692292266
3,20,41,38.63782042460819
3,20,42,39.54282866056282
3,20,43,40.439490233990455
3,20,44,41.33986881427069
3,20,45,42.22145110977514
3,20,46,43.10622197882247
3,20,47,43.98264136366409
3,20,48,44.86543257738721
3,20,49,45.7354928720716
3,20,50,46.60891403511584
3,20,51,47.49024954561618
3,20,52,48.356228132964176
3,20,53,49.255661101114384
3,20,54,50.124934017100585
3,20,55,50.994777263124945
3,20,56,51.87998930374259
3,20,57,52.76022596977156
3,20,58,53.628683326146685
3,20,59,54.49962531152311
3,20,60,55.350835108347354
3,20,61,56.21093190361795
3,20,62,57.05791727417636
3,20,63,57.910102853784
3,20,64,58.75153120622572
3,20,65,59.59215177046403
3,20,66,60.43916314514033
3,20,67,61.2850445708618
3,20,68,62.135478054305956
3,20,69,63.00175701109265
3,20,70,63.86522188871592
3,20,71,64.70683016280802
3,20,72,65.54991193453085
3,20,73,66.37205949476119
3,20,74,67.18970737543275
3,20,75,68.02000814389993
3,20,76,68.8419178128911
3,20,77,69.66428746779363
3,20,78,70.48990011952075
3,20,79,71.28733983323589
3,20,80,72.10204852438108
3,50,1,0.9852548472611584
3,50,2,1.9698203324295263
3,50,3,2.952318542981178
3,50,4,3.9346678864140254
3,50,5,4.916251398913902
3,50,6,5.8950645924590575
3,50,7,6.862473346396038
3,50,8,7.834457758860127
3,50,9,8.804442302810125
3,50,10,9.763456031600363
3,50,11,10.722606364496148
3,50,12,11.68472433321849
3,50,13,12.638424044243113
3,50,14,13.5891825079543
3,50,15,14.541422840681637
3,50,16,15.489716450296925
3,50,17,16.424383161911422
3,50,18,17.36907420698314
3,50,19,18.32339757341326
3,50,20,19.267188751380036
3,50,21,20.1921531095052
3,50,22,21.102602684279624
3,50,23,22.05281986764397
3,50,24,22.9885659018638
3,50,25,23.90456762364339
3,50,26,24.818436460985822
3,50,27,25.716438226763337
3,50,28,26.608646811923943
3,50,29,27.51524484522548
3,50,30,28.419193367239398
3,50,31,29.32700308803016
3,50,32,30.21587930521608
3,50,33,31.134514841862085
3,50,34,32.03842950264809
3,50,35,32.93334280537994
3,50,36,33.83786576631804
3,50,37,34.744302542437865
3,50,38,35.65870345435024
3,50,39,36.576498217371686
3,50,40,37.51343979793678
3,50,41,38.42386834458205
3,50,42,39.308515903371806
3,50,43,40.16291944594542
3,50,44,41.04677851296559
3,50,45,41.91224083052896
3,50,46,42.75647478568351
3,50,47,43.62304852083606
3,50,48,44.49524353891174
3,50,49,45.42452569807383
3,50,50,46.29287482454029
3,50,51,47.16375534364382
3,50,52,48.001552560272316
3,50,53,48.85531999099801
3,50,54,49.723844296140875
3,50,55,50.58885755515952
3,50,56,51.471505576725356
3,50,57,52.30660990502173
3,50,58,53.1848611392859
3,50,59,54.03867513128951
3,50,60,54.87180289118203
3,50,61,55.73221121777355
3,50,62,56.57354592404033
3,50,63,57.45915652574521
3,50,64,58.28143075012371
3,50,65,59.139451902886236
3,50,66,59.9879294608149
3,50,67,60.8357536978237
3,50,68,61.67440847555709
3,50,69,62.50063336278529
3,50,70,63.31450903135365
3,50,71,64.12787354557558
3,50,72,64.9792415527035
3,50,73,65.80668887410435
3,50,74,66.63642753448818
3,50,75,67.44970365683119
3,50,76,68.22531941749301
3,50,77,69.05592622308514
3,50,78,69.89089258018797
3,50,79,70.71272473488386
3,50,80,71.54425305882909
